article;Machine;couleur;dTex;filaments;lot numero;date de production;KWH 1AV;KWH 1AR;KWH 2AV;KWH 2AR;KWH 3AV;KWH 3AR;KWH 4AV;KWH 4AR;KWH 5AV;KWH 5AR;KWH 6AV;KWH 6AR
TSM24N;1;19688;1200;68;147639A;14/04/2008;20,77;20,28;19,85;20,66;19,19;18,4;19,95;20,35;18,61;18,39;19,47;19,72
TSM24N;2;18085;1200;68;119713;28/08/2015;17,97;18,29;17,49;17,32;18,75;18,98;17,55;18,54;17,52;17,82;17,56;17,3
TSM24N;2;18085;1200;68;119713;30/08/2015;17,67;17,53;17,09;16,82;17,29;17,46;16,48;16,48;16,55;17,55;17,45;17,23
TSM24N;2;18067;1200;68;117139A;01/09/2015;18,21;17,53;17,41;17,95;17,48;18,36;17,91;17,7;16,77;18,35;18,45;17,96
TSM24N;2;11695;1200;68;118813;03/09/2015;18,63;18,14;17,58;18,03;19;18,01;18,43;18,54;18,62;18,83;18,55;18,52
TSM24N;2;18084;1200;68;119770;07/09/2015;17,56;17,51;16,37;17,17;16,18;17,45;16,69;17,35;17,56;17,98;17,77;17,08
TSM24N;2;19638;1200;68;118678;08/09/2015;17,67;18,41;17,17;17,44;17,45;17,35;17,84;17,95;18,12;18,7;18,52;18,02
TSM24N;2;19638;1200;68;118678;10/09/2015;18,83;17,6;18,41;17,54;18,8;19,07;18,41;18,07;18,25;18,94;18,63;17,3
TSM24N;2;19688;1200;68;119622;12/09/2015;16,9;17,09;18,54;17,45;17,39;18,45;18,58;17,8;18,25;18,76;17,9;17,16
TSM24N;2;18085;1200;68;119712;13/09/2015;17,81;17,24;17,99;17,68;17,86;18,05;18,27;17,7;18,04;18,62;18,07;17,4
TSM24N;2;12084;1200;68;117138;15/09/2015;18,27;18,82;18,85;17,87;19,25;17,98;20,35;18,58;18,94;18,32;19,57;18,59
TSM24N;1;18085;1200;68;119678;17/09/2015;19,59;19,07;18,84;19,54;17,99;19,39;18,32;18,18;18,49;18,11;19,56;18,93
TSM24N;2;12027;1200;68;117103;17/09/2015;18,87;18,66;17,38;18,89;18,97;18,18;18,09;18,54;18,72;19,41;18,91;18,95
TSM24N;1;18011;1200;68;119330;20/09/2015;19,56;19,17;19,08;19,51;18,79;18,75;19;18,69;17,95;18,16;19,36;18,02
TSM24N;2;18084;1200;68;119621A;20/09/2015;17,53;17,66;17,31;18,14;17,74;17,81;17,92;17,93;18,46;18,26;18,05;17,45
TSM24N;1;18067;1200;68;119329;22/09/2015;18,63;18,55;18,65;19,3;18,31;18,74;18,49;18,22;17,54;17,68;19,2;17,64
TSM24N;2;18084;1200;68;119621B;22/09/2015;18,74;17,26;16,91;17,74;17,51;17,03;18,06;18,1;17,49;17,82;17,74;16,96
TSM24N;2;18606;1200;68;120358;24/09/2015;19,16;17,83;18,69;19,65;18,5;17,87;19,08;18,59;18,36;19,08;19,83;20,02
TSM24N;1;18067;1200;68;120122;24/09/2015;18,5;19,67;19,08;18,51;18,2;18,05;18,23;18,77;18,01;17,53;18,49;18,56
TSM24N;1;18067;1200;68;120122;26/09/2015;19,53;19,04;18,91;18,71;18,85;19,27;18,57;18,77;18,35;18,97;18,39;18,53
TSM24N;2;19638;1200;68;120111;26/09/2015;17,04;18,57;17,4;18,45;17,94;17,48;18,32;17,86;18,38;18,38;19,14;17,04
TSM24N;1;18065;1200;68;119328;28/09/2015;19,03;19,62;19,4;20,65;19,17;20,1;18,88;19,04;18,47;18,79;19,57;19,32
TSM24N;1;18065;1200;68;119328;30/09/2015;18,9;20,09;19,51;18,64;18,34;17,98;18,61;18,77;19,4;18,45;18,44;18,67
TSM24N;1;18086;1200;68;120762;02/10/2015;18,73;17,68;19,01;20,03;18,33;18,55;18,53;19,12;18,68;18,62;20,08;19,1
TSM24N;1;18086;1200;68;120762;04/10/2015;19,88;19,72;18,31;19,45;18,28;17,96;18,7;17,83;18,73;18,11;18,46;18,71
TSM24N;2;18086;1200;68;120761;12/10/2015;18,38;18,49;18,72;18,31;19,28;19,7;18,6;18,95;19,12;19,55;19,03;19,05
TSM24N;2;18088;1200;68;120119;14/10/2015;19,66;19,05;18,82;19,17;19,98;19,83;19,68;19,8;19,58;19,88;19,71;20,33
TSM24N;2;12090;1200;68;120105;16/10/2015;20,01;19,8;19,29;18,93;19,34;19,19;19,31;19,43;19,13;19,42;19,49;19,99
TSM24N;2;12090;1200;68;121056;18/10/2015;19,25;19,48;18,96;19,18;19,3;19,36;19,24;19,33;18,94;19,12;19,54;19,7
TSM24N;2;12090;1200;68;121056;20/10/2015;19,13;19,8;19,02;18,89;19,44;19,8;18,82;19,14;19,4;19,36;18,98;19,41
TSM24N;1;18084;1200;68;120590;21/10/2015;20,25;19,83;19,17;19,98;19;16,96;18,65;18,75;16,61;18,65;19,03;18,75
TSM24N;1;18084;1200;68;120590;22/10/2015;17,7;19,93;18,67;19,69;17,39;17,49;18,75;18,6;19,62;19,12;19,55;18,83
TSM24N;2;11695;1200;68;120106;22/10/2015;18,66;19,1;17,99;18;18,96;18,88;18,45;18,93;18,87;19;19,15;18,97
TSM24N;1;18084;1200;68;120590;22/10/2015;20,77;20,07;19,04;20,31;18,33;18,24;18,89;18,96;16,3;19,08;19,29;19,23
TSM24N;2;18067;1200;68;120541;24/10/2015;18,69;18,43;18,13;17,81;18,79;18,289;18,17;18,41;18,68;18,61;18,31;18,61
TSM24N;1;18011;1200;68;120419;24/10/2015;17,94;20,13;19,12;20,05;18,1;17,85;19,1;18,94;19,5;19,27;19,97;18,94
TSM24N;1;19688;1200;68;121563;26/10/2015;;;18,56;20,41;18,83;18,74;;;;;;
TSM24N;1;19688;1200;68;121563;26/10/2015;20,14;20,05;18,58;20,04;17,75;17,43;18,8;18,41;19,04;18,67;19;18,75
TSM24N;1;19690;1200;68;120118;28/10/2015;20,37;20,17;18,84;20,96;19,53;19,6;19,72;19,14;19,92;19,58;19,63;18,7
TSM24N;1;18085;1200;68;121543A;29/10/2015;19,16;18,89;18,15;19,84;18,38;18,87;18,69;18,23;17,69;17,98;18,83;18,19
TSM24N;1;18085;1200;68;121543A;31/10/2015;19,21;20,41;19,64;20,53;18,95;19,22;19;18,93;19,8;18,59;19,58;20,19
TSM24N;2;18084;1200;68;121545A;01/11/2015;18,37;18,62;18,72;18,27;18,68;18,91;18,69;18,92;19,24;19,14;19,28;18,76
TSM24N;1;18085;1200;68;121789;02/11/2015;19;20,05;19,81;19,78;18,7;19,05;18,11;19,39;19,49;17,99;19,35;19,65
TSM24N;2;18084;1200;68;121545A;03/11/2015;19,41;20,43;19,59;19,37;19,85;19,32;19,88;19,51;19,36;19,93;20,1;19,92
TSM24N;1;19688;1200;68;121712;04/11/2015;;;;;;;18,47;19,61;19,54;19,18;19,14;19,5
TSM24N;1;19688;1200;68;121712;04/11/2015;19,06;20,06;20,25;20,44;18,86;18,6;17,77;19,6;19,42;18,32;19,49;20,03
TSM24N;1;19688;1200;68;121712;04/11/2015;;;;;;;17,46;19,55;;;;
TSM24N;1;19688;1200;68;121712;04/11/2015;;;;;;;17,73;19,45;;;;
TSM24N;2;18084;1200;68;121545B;05/11/2015;18,49;18,65;19,01;18,4;19,29;18,63;18,99;19,04;18,7;18,87;19,06;18,9
TSM24N;1;19688;1200;68;121722;06/11/2015;18,46;18,44;17,47;19,27;17,43;17,62;18,68;18,25;17,09;18,48;17,97;18,12
TSM24N;2;18086;1200;68;121690A;07/11/2015;17,26;18,04;17,39;17,13;18,13;18;17,91;15,8;17,61;17,79;18,22;17,85
TSM24N;2;18086;1200;68;121690A;07/11/2015;17,62;18,96;17,31;17,54;18,22;18,24;18;18,57;17,5;17,84;18,32;18,12
TSM24N;2;18086;1200;68;121690A;07/11/2015;17,97;18,68;18,97;18,27;15,89;17,93;18,96;18,34;18,31;18,5;18,99;18,68
TSM24N;1;19688;1200;68;121723A;08/11/2015;18,52;18,8;18,36;19,77;18,56;18,62;18,89;18,88;17,87;18,82;18,27;18,55
TSM24N;2;18086;1200;68;121690B;08/11/2015;18,51;19,38;18,08;18,11;19,72;19,06;18,54;18,79;19,12;19,17;19,24;18,69
TSM24N;1;19688;1200;68;121723B;10/11/2015;19,81;19,16;18,13;19,77;19,58;18,21;19,38;19,51;18,16;19,28;18,13;17,92
TSM24N;1;18085;1200;68;121542B;12/11/2015;20,08;19,33;19,9;20,13;19,67;19,85;19,33;19,27;19,27;19,93;20,01;19,17
TSM24N;1;18085;1200;68;121542A;14/11/2015;19,99;19,28;20,43;20,5;19,57;19,65;19,43;19,27;18,8;18,99;19,66;19,16
TSM24N;1;19638;1200;68;120542;16/11/2015;20,09;19,3;20,27;20,11;19,46;19,67;19,46;19,17;18,63;19,13;19,54;19,25
TSM24N;2;19629;1200;68;121555;18/11/2015;19,42;18,8;19,5;19,39;18,97;19,6;19,28;17,82;18,13;18,33;19,2;19,07
TSM24N;2;19629;1200;68;121555;19/11/2015;19,62;19,31;18,39;19,89;17,94;18,53;18,81;19,01;18,28;18,44;19,09;19,36
TSM24N;1;19629;1200;68;121724B;21/11/2015;20,31;19,38;18,86;20,46;18,91;18,73;19,56;19,47;19,5;19,26;19,76;19,76
TSM24N;1;19629;1200;68;121724A;23/11/2015;21,34;20,68;19,7;21,11;19,92;19,5;20,56;20,87;19,93;19,81;20,1;20,66
TSM24N;2;18065;1200;68;121894;25/11/2015;20,97;20,79;20;19,6;20,34;19,19;20,15;18,63;19,82;20,46;19,68;20,61
TSM24N;1;11691;1200;68;121608;25/11/2015;20,94;20,92;20,82;20,89;20,26;20,83;20,34;20,84;19,88;20,47;20,52;20,16
TSM24N;2;18065;1200;68;121894;26/11/2015;19,98;20,76;18,72;20,34;19,87;18,56;19,23;20,28;20,81;19,29;19,59;20,82
TSM24N;2;18086;1200;68;121725;28/11/2015;18,88;19,35;18,54;19,26;18,81;18,75;18,47;19,12;19,42;19,39;18,18;20,22
TSM24N;2;19688;1200;68;121691;30/11/2015;;;;;;;;;18,16;18,92;;
TSM24N;2;19688;1200;68;121691;30/11/2015;18,8;19,73;18,18;19,26;17,25;18,7;19,13;19;19,21;19,63;18,42;19,74
TSM24N;1;19587;1200;68;121310;01/12/2015;19,28;18,16;17,97;19,16;17,55;17,79;18,46;18,33;17,54;17,99;17,95;18,63
TSM24N;2;C18049;1200;68;122524;02/12/2015;20,3;20,66;20,12;20,55;20,38;20,02;20,56;18,86;20,48;20,72;19,55;20,36
TSM24N;2;C18049;1200;68;122524;04/12/2015;20,04;20,56;19,01;21;20,09;19,67;20,65;20,79;20,01;20,35;20,26;20,67
TSM24N;1;18065;1200;68;121349;04/12/2015;20,7;19,51;20,56;20,08;19,73;18,81;20,33;20,06;19,52;18,93;18,87;20,6
TSM24N;2;C18049;1200;68;334351;06/12/2015;20,63;21,17;20,59;21;20,62;19,31;20,22;20,45;20,52;21,44;19,98;21,45
TSM24N;1;18065;1200;68;121349;06/12/2015;20,79;19,94;19,93;20,45;19,81;19,08;19,5;19,65;19,43;18,79;20,25;18,57
TSM24N;2;18606;1200;68;121481B;09/12/2015;19,85;19,19;18,54;18,28;17,67;18,42;19,45;17,67;20,08;20,08;18,14;20,06
TSM24N;2;18084;1200;68;122721;13/12/2015;19,2;19,48;17,76;19,06;17,98;18,13;17,77;18,87;19,19;19,55;18,23;19,81
TSM24N;2;18084;1200;68;122721;15/12/2015;19,66;20,07;18,5;20,04;19,11;18,8;18,8;19,14;20,13;20,3;18,7;20,29
TSM24N;2;19688;1200;68;122695;17/12/2015;18,51;19,34;;;18,64;19,79;;;;;;
TSM24N;2;19688;1200;68;122695;17/12/2015;18,36;19,08;18,69;19,32;17,27;17,98;18,3;18,41;19,38;19,2;19,41;19,02
TSM24N;2;12027;1200;68;122775;20/12/2015;18,76;20,02;18,85;20,18;18,25;18,38;18,32;19,39;19,1;19,72;19,44;18,88
TSM24N;2;12088;1200;68;123123;13/01/2016;19,7;19,93;20,28;19,9;19,56;19,55;19,77;19,15;19,81;19,95;20,62;20,66
TSM24N;2;18085;1200;68;123337;15/01/2016;18,7;19,14;19,62;19,24;19,14;18,39;19,11;17,86;18,74;18,13;19,23;18,82
TSM24N;2;18085;1200;68;123337;16/01/2016;18,29;18,65;19,52;18,76;18,69;18,14;18,79;17,99;19,11;18,73;19,32;18,81
TSM24N;2;18067;1200;68;123238C;19/01/2016;19,25;19,18;19,31;19,06;18,89;18,77;19,35;18,5;19,12;19,19;19,4;18,7
TSM24N;2;18067;1200;68;123238B;21/01/2016;19,25;19,18;20,17;19,2;18,85;18,11;19,78;18,55;18,12;19;18,91;19,5
TSM24N;1;18065;1200;68;123265;22/01/2016;20,83;20,01;20,8;20,9;19,48;20,98;20,2;20,17;20,44;20,13;19,76;19,7
TSM24N;1;18085;1200;68;123336A;25/01/2016;19,22;19,71;20,16;19,17;18,64;17,8;17,84;19,85;18,19;19,2;18,81;19,02
TSM24N;2;12088;1200;68;123247;25/01/2016;18,93;19,26;19,93;19,55;19,85;19,45;19,46;20,55;19,54;20,52;20,12;20,97
TSM24N;1;18085;1200;68;123336B;27/01/2016;18,95;19,17;19,79;18,79;17,97;18,07;17,4;19,16;17,63;19,41;18,09;18,44
TSM24N;2;18086;1200;68;123240A;27/01/2016;18,83;18,91;18,83;18,06;18,19;17,08;19,03;17,87;18,22;18,11;19,05;17,88
TSM24N;2;18086;1200;68;123240B;29/01/2016;19,64;19,75;19,28;18,91;18,19;17,98;19,34;18,06;19,37;19,19;19,83;20,49
TSM24N;2;C18049;1200;68;123761;30/01/2016;19,35;20,39;20,07;19,56;18,83;17,83;19,49;18,73;19,16;19,16;18,76;18,25
TSM24N;1;19638;1200;68;123760A;30/01/2016;19,48;19,01;19,11;20,34;18,7;18,25;18,27;20,08;18,24;18,9;18,37;19,89
TSM24N;2;C18049;1200;68;123761;01/02/2016;19,5;19,89;19,76;18,97;18,45;18,15;19,57;18,78;19,09;19,28;19,6;20,38
TSM24N;1;19638;1200;68;123760A;01/02/2016;18,56;18,56;18,26;18,7;17,89;18,73;17,9;19,26;17,81;18,57;17,8;17,56
TSM24N;1;19638;1200;68;123760B;03/02/2016;15,12;14,77;17,63;16,43;16,47;17,1;14,85;14,75;17,28;16,75;17,27;16,21
TSM24N;1;19638;1200;68;123760B;03/02/2016;15,56;15,72;;;;;14,85;15,14;17,93;16,99;;
TSM24N;1;18084;1200;68;123266A;05/02/2016;19,08;18,43;19,09;19,01;18,36;19,06;17,43;17,98;18,77;18,8;18,66;18,91
TSM24N;1;18084;1200;68;123266A;07/02/2016;18,26;17,46;18,94;18,73;18,17;19,18;17,26;17,52;18,51;18,71;18,38;19,08
TSM24N;2;18606;1200;68;124092;07/02/2016;18,56;18,78;19,13;18,61;18,78;19,15;17,73;19,55;19,48;17,64;19,06;19,3
TSM24N;1;18084;1200;68;123266B;09/02/2016;19,63;18,85;19,27;19,2;17,65;18,23;17,57;18,09;18,85;19,45;19,33;19,71
TSM24N;1;18088;1200;68;123263;10/02/2016;20,27;19,56;20,23;20,32;19;18,48;18,45;18,23;18,95;17,94;19,35;19,99
TSM24N;2;18606;1200;68;123526;10/02/2016;20,26;19,89;20,73;20,1;19,63;19,43;21,12;21,19;20,97;19,38;20,43;20,75
TSM24N;1;18088;1200;68;123263;12/02/2016;19,4;20,81;20,55;20,96;19,85;19,37;19,45;19,47;20,19;18,59;19,87;20,61
TSM24N;1;18088;1200;68;123263;12/02/2016;18,51;20,07;20,56;20,82;19,35;19,16;19,13;17,77;18,57;17,8;19,45;20,47
TSM24N;1;C18049;1200;68;123762;13/02/2016;21;21,02;21,49;21,64;19,6;20,68;19,09;20,77;19,76;19,75;19,94;20,8
TSM24N;1;C18049;1200;68;123762;14/02/2016;21,77;21,87;22,35;22,28;19,77;21,04;20,8;20,75;20,01;20,58;20,32;22,13
TSM24N;1;19690;1200;68;123262;16/02/2016;19,7;20,41;19,88;20,82;19;20,11;18,64;18,5;19,19;18,25;19,56;20,5
TSM24N;1;19631;1200;68;124085;18/02/2016;19,47;20,53;19,69;20,27;19,76;19,22;18,32;18,84;18,65;18,5;18,42;18,89
TSM24N;2;19629;1200;68;123269;24/02/2016;20,25;20,64;19,77;19,33;19,93;19,4;19,5;18,63;18,66;18,55;19,81;18,09
TSM24N;2;19629;1200;68;123269;26/02/2016;19,25;20,29;19,66;19,1;20,38;18,68;19,54;18,53;18,49;18,37;19,14;19,44
TSM24N;2;18086;1200;68;123270;28/02/2016;20,07;20,32;19,48;19,6;19,94;17,81;19,57;19,34;17,95;17,95;19,19;19,83
TSM24N;2;18086;1200;68;123270;28/02/2016;20,13;20,63;19,98;20,26;20,61;17,97;19,64;19,7;18,09;19,05;19,6;20,39
TSM24N;2;18086;1200;68;123270;28/02/2016;19,7;20,38;19,96;20,14;18,9;19,78;19,55;19,55;19,16;18,48;19,57;20,46
TSM24N;2;19688;1200;68;123397B;03/03/2016;19,74;19,69;20,13;18,76;18,7;19,21;20,13;20,53;18,77;20,11;19,51;18,89
TSM24N;2;19688;1200;68;123397B;05/03/2016;18,48;19,31;19,1;18,42;19,1;19,82;19,32;19,82;18,11;19,58;18,24;18,26
TSM24N;2;19688;1200;68;123397A;07/03/2016;18,65;19,49;18,83;18,69;19,34;18,69;19,39;20,17;17,77;20,16;18,17;18,37
TSM24N;2;19638;1200;68;124742;09/03/2016;18,14;18,42;18,18;18,5;18,95;18,11;18,57;19,8;18,01;19,87;18,26;18,1
TSM24N;2;19629;1200;68;125002;12/03/2016;19,91;19,59;19,55;19,14;19,29;17,91;18,51;19,35;19,71;18,12;19,87;19,88
TSM24N;2;C19017;1200;68;125263;14/03/2016;17,38;18,94;18,81;18,11;19,66;17,73;18,27;19,26;18,89;18,54;19,21;18,81
TSM24N;2;19688;1200;68;125265;16/03/2016;18,04;19,85;18,73;18,67;19,47;17,94;17,89;19,16;19,88;18,41;18,45;19,42
TSM24N;2;C18049;1200;68;125146B;18/03/2016;19,88;17,92;20,28;20;18,87;18,14;18,21;18,61;19,96;18,51;19,39;20,83
TSM24N;2;C18049;1200;68;125146A;20/03/2016;18,26;17,86;18,35;18,69;19,55;18,62;17,68;17,99;18,86;19,48;19,89;19,88
TSM24N;2;18085;1200;68;125261A;22/03/2016;18,51;17,56;17,93;17,4;19,82;18,54;18,54;18,57;17,95;19,78;19,25;19,41
TSM24N;2;18085;1200;68;125261B;24/03/2016;19,65;17,9;18,6;19,15;19,59;18,65;18,57;19,02;17,92;19,64;19,52;19,3
TSM24N;2;C19017;1200;68;125262;26/03/2016;18,98;17,77;18,14;18,08;19,02;18,14;17,97;17,99;17,72;19,1;19,23;19,34
TSM24N;2;C19017;1200;68;125262;05/04/2016;18,33;19,54;20,59;20,26;19,87;18,51;18,94;19,69;19,48;19,05;20,35;20,73
TSM24N;8;18084;1200;68;126415;06/04/2016;18,37;18,83;18,42;19,68;19,09;18,38;18,06;19,48;19,03;17,93;17,34;17,49
TSM24N;2;18022;1200;68;125150;07/04/2016;18,67;19,2;18,92;19,84;19,98;18,57;19,02;19,41;20,42;19,02;19,6;19,58
TSM24N;2;18022;1200;68;125150;09/04/2016;18,14;18,74;19,67;20,18;19,63;18,68;19,5;19,93;19,25;19,82;19,45;20,14
TSM24N;2;18022;1200;68;125150;09/04/2016;17,61;19,24;19,2;19,67;19,77;18,87;19,04;20,07;19,31;19,7;20,13;20,19
TSM24N;2;19646;1200;68;125164;10/04/2016;17,75;18,8;19,72;20,31;20,17;18,91;18,69;18,62;19,6;19,56;19,71;19,46
TSM24N;2;19646;1200;68;125164;10/04/2016;18,86;19,54;19,89;20,63;18,76;19,24;19,55;19,23;19,7;20,24;19,82;20,32
TSM24N;2;19629;1200;68;126014;12/04/2016;17,5;18,99;19,98;19,34;19,17;16,86;18,52;18,66;19,3;19,47;19,31;20,19
TSM24N;2;19629;1200;68;126014;12/04/2016;17,88;19,14;;;18,97;18,93;;;;;;
TSM24N;2;19688;1200;68;125264;14/04/2016;17;18,61;19,78;20,62;19,06;19,85;19,12;18,9;19,35;19,55;20,29;20,31
TSM24N;2;19688;1200;68;125264;14/04/2016;18,25;18,7;19,72;20,66;;;;;;;;
TSM24N;2;19883;1200;68;126302;16/04/2016;17,55;16,95;18,19;16,9;17,58;18,14;17,88;18,44;17,85;18,43;18,31;18,39
TSM24N;2;19883;1200;68;126302;16/04/2016;18,21;17,6;18,21;17,34;18,18;18,28;18,67;18,47;18,07;18,86;18,31;18,97
TSM24N;2;18065;1200;68;126013;17/04/2016;17,66;17,56;19,32;19,21;18,04;18,1;19,57;18,8;18,66;19,94;19,49;19,52
TSM24N;2;18084;1200;68;126286B;19/04/2016;17,6;17,86;19,36;18,73;18,17;18,45;19,49;18,97;17,8;20,02;20,04;19,46
TSM24N;2;18084;1200;68;126286A;21/04/2016;;;;;19,07;17,63;;;18,16;19,97;19,55;19,94
TSM24N;1;12088;1200;68;126288;21/04/2016;19,78;20,75;19,92;20,95;18,96;20,2;20,61;20,91;19,28;19,97;20,09;19,74
TSM24N;2;18084;1200;68;126286A;21/04/2016;18,1;17,86;19,22;18,83;16,59;17,99;18,9;18,25;18,01;19,91;19,67;19,9
TSM24N;2;18011;1200;68;126296;23/04/2016;17,55;17,92;19,24;18,05;19,26;19,04;18,41;18,35;19,11;19,63;19,19;19,87
TSM24N;2;18011;1200;68;126296;23/04/2016;17,42;18;18,95;18,21;18,86;14,95;18,67;18,49;19,08;20,17;19,62;20,29
TSM24N;1;18065;1200;68;126287;23/04/2016;20,09;21,02;20,41;20,69;19,23;20,53;20,82;20,8;19,62;20,2;19,12;18,88
TSM24N;2;18086;1200;68;126285;25/04/2016;17,13;17,18;18,75;18,08;18,63;17,46;18,44;17,45;19,24;18,47;18,36;19,37
TSM24N;1;C19017;1200;68;126479A;25/04/2016;19,28;20,01;19,1;20,57;19,1;19,63;19,86;19,38;19,19;19,46;18,81;19,67
TSM24N;1;C19017;1200;68;126479B;28/04/2016;19,46;20,35;19,2;21,01;19,12;19,66;19,65;19,61;18,65;20,23;19,16;20,36
TSM24N;2;19587;1200;68;126478;28/04/2016;18,35;18,59;19,23;19,5;18,66;19,13;18,91;18,32;18,24;19,88;19,36;20,35
TSM24N;2;C18049;1200;68;126712;30/04/2016;19,05;19,06;20,16;20,05;19,59;19,86;19,69;20,91;18,84;19,81;19,66;18,7
TSM24N;1;C19017;1200;68;126479C;30/04/2016;18,99;20,65;19,26;20,78;19,16;20,25;20,07;19,74;19,29;20,01;19,92;19,55
TSM24N;1;19638;1200;68;126608;01/05/2016;19,16;20,25;19,54;20,26;19,37;19,94;20,09;19,73;18,55;19,94;19,22;19,75
TSM24N;2;18022;1200;68;126568A;02/05/2016;18,54;19,05;19,76;19,14;18,35;19,11;20,82;19,96;19,56;19,87;19,24;19,48
TSM24N;1;19629;1200;68;126609;03/05/2016;;;;;18,19;19,85;;;;;;
TSM24N;1;19629;1200;68;126609;03/05/2016;18,95;20,36;19,26;18;16,31;19,51;18,95;18,83;18,53;19,36;19,44;20
TSM24N;2;19631;1200;68;126295;04/05/2016;18,54;18,81;19,25;19,03;19,87;20,42;18,7;19,91;19,16;19,65;19,34;20,25
TSM24N;1;19638;1200;68;127076;13/05/2016;18,57;17,26;17,75;18,6;;;18,96;19,01;17,2;18,88;17;17,19
TSM24N;1;19638;1200;68;127076;13/05/2016;18,12;17,05;17,95;18,96;16,09;18,73;19,08;20,19;17;18,74;17,14;17,71
TSM24N;1;19688;1200;68;127070A;14/05/2016;18,51;19,11;19,08;18,09;19,01;16,86;17,58;17,2;17,03;18,38;17,53;18,44
TSM24N;;19688;1200;68;127070B;16/05/2016;19,43;19,41;18,87;18,25;18,65;19,18;20,32;20,11;18,34;18,81;18,86;18,68
TSM24N;;19688;1200;68;127070B;18/05/2016;18,92;19,75;19,61;19,28;19,24;19,45;20,64;20,34;18,53;19,44;18,62;19,08
TSM24N;2;18067;1200;68;127573;19/05/2016;17,87;18,71;18,83;18,62;17,29;18,84;17,79;18,04;17,72;18,6;19,07;18,52
TSM24N;1;18088;1200;68;127069;20/05/2016;19,43;20,33;19,02;19,67;19,03;19,39;19,59;18,86;18,3;19,5;18,76;19,09
TSM24N;2;18067;1200;68;127597;21/05/2016;16,94;18,2;18,47;17,94;16,6;18,7;16,8;16,59;17,53;17,42;18,1;17,54
TSM24N;1;19690;1200;68;127071;22/05/2016;19,33;19,58;19,03;20;18,88;20,1;19,4;19,12;18,27;18,08;19,08;19,95
TSM24N;2;18067;1200;68;127597;23/05/2016;17,99;18,28;19,11;18,86;18,13;19,16;17,22;17,25;17,89;18,86;18,66;18,03
TSM24N;1;19629;1200;68;127084A;24/05/2016;19,65;20,48;19,75;20,97;19,9;19,75;19,74;18,99;18,57;19,45;18,7;19,56
TSM24N;2;18085;1200;68;127085A;25/05/2016;17,43;17,47;19,27;19,4;18,22;19,45;17,41;18,36;17,54;19,01;19,2;18,92
TSM24N;1;19629;1200;68;127084B;26/05/2016;18,23;19,41;19,53;18,1;19,89;19,81;19,75;20,78;19,13;19,73;19,33;19,76
TSM24N;2;18085;1200;68;127085B;27/05/2016;18,57;16,64;;;;;;;;;;
TSM24N;2;18085;1200;68;127085B;27/05/2016;15,58;16,19;19,59;19,13;18,88;19,58;17,44;17,79;17,51;18,84;19,53;19,55
TSM24N;2;18085;1200;68;127085C;28/05/2016;17,62;17,29;19,3;18,54;19,14;19,11;19,31;18,99;19,13;19,29;19,21;19,81
TSM24N;1;19629;1200;68;127084C;28/05/2016;18,4;19,55;19,48;18,8;19,34;18,9;18,23;19,44;18,87;19,38;19;19,68
TSM24N;2;18085;1200;68;127085C;29/05/2016;17,05;15,92;19,21;17,21;18,74;16,66;17,84;17,69;18;17,8;18,15;18,69
TSM24N;2;18085;1200;68;127085C;29/05/2016;17,26;16,82;18,85;17,71;18,68;17,03;18,26;18,05;17,87;18,09;18,39;19,02
TSM24N;2;18085;1200;68;127085C;29/05/2016;17,17;16,28;19,11;17,15;18,79;16,53;18,13;17,52;17,61;18,27;18,46;18,84
TSM24N;2;18085;1200;68;127085D;30/05/2016;16,35;16,54;17,7;17,35;17,84;15,94;17,24;17,01;17,12;17,1;17,67;18,37
TSM24N;1;19638;1200;68;127080;30/05/2016;18,09;19,36;18,3;17,98;18,67;18,89;18,81;18,21;17,18;18,44;18,52;18,7
TSM24N;2;18085;1200;68;127085D;30/05/2016;16,99;16,8;18,83;17,66;18,96;17,36;19,13;18,33;17,68;17,59;18,21;18,09
TSM24N;2;18085;1200;68;127085D;31/05/2016;17,66;17,26;18,07;17,58;17,95;18,39;18,46;17,44;17,06;16,86;17,75;17,63
TSM24N;2;18085;1200;68;127085D;01/06/2016;16,89;17,91;;;;;;;;;;
TSM24N;1;18065;1200;68;127077A;01/06/2016;18,04;17,55;17,75;18,15;17,01;17,9;17,22;17,87;17,03;17,38;17,16;18,87
TSM24N;2;18085;1200;68;127085D;01/06/2016;16,84;15,8;17,71;17,09;17,22;17,4;17,89;17,35;16,77;16,34;17,35;17,76
TSM24N;2;11695;1200;68;127078;02/06/2016;16,25;16,64;18,26;17,41;16,78;17,62;17,86;17,61;17,19;17,26;17,68;18,23
TSM24N;1;18065;1200;68;127077B;03/06/2016;17,9;17,68;17,63;18,36;16,95;17,46;17,89;17,99;17,6;17,32;18,19;19,04
TSM24N;2;18067;1200;68;127659A;03/06/2016;17,83;18,19;19,5;19,58;18,6;18,33;18,43;18,73;18,7;18,93;19,89;19,53
TSM24N;2;18067;1200;68;127659A;04/06/2016;17,05;16,81;18,54;18,35;16,42;17,33;18,04;18,25;17,51;18,12;17,34;17,56
TSM24N;2;18067;1200;68;127659B;06/06/2016;17,06;16,79;18,29;17,93;16,38;16,35;17,63;18,21;17,24;18,62;17,49;17,23
TSM24N;1;18086;1200;68;127291A;07/06/2016;17,65;16,97;17,47;18,32;18,33;18,71;17,15;17,23;17,17;16,88;17,62;17,69
TSM24N;2;19662;1200;68;127660;08/06/2016;16,68;17,07;19,04;17,71;16,89;17,31;18,21;18,33;18,3;18,81;17,5;18,06
TSM24N;1;18086;1200;68;127291B;09/06/2016;17,03;16,4;17,57;17,65;17,28;18,12;17,13;16,96;16,37;16,95;17,5;17,57
TSM24N;2;19661;1200;68;127661;10/06/2016;17,01;17,45;18,82;18,86;16,75;17,27;18,44;18,77;18,94;18,62;18,86;19,14
TSM24N;1;18086;1200;68;127291B;10/06/2016;18,63;18,02;17,96;17,98;18,23;18,58;18,44;18,43;17,85;17,59;17,99;18,58
TSM24N;2;19661;1200;68;127661;11/06/2016;16,14;16,77;18,48;18,47;16,29;16,83;17,88;18,38;18,16;17,72;17,9;18,11
TSM24N;2;19661;1200;68;127661;11/06/2016;16,97;17,75;18,82;18,95;17,28;17,57;17,5;18,15;18,5;18,21;18,87;18,73
TSM24N;1;18086;1200;68;127291C;12/06/2016;17,88;17,29;18,4;17,99;17,67;18,8;17,74;17,56;17,17;17,18;17,48;18,05
TSM24N;2;19629;1200;68;127662A;13/06/2016;19,06;18,98;20,06;19,83;19,03;19,05;20,38;20,07;19,84;19,65;19,77;19,87
TSM24N;1;19688;1200;68;127658A;14/06/2016;18,19;18,03;17,77;18,15;17,4;18,18;17,28;16,6;17,24;18,5;17,51;17,8
TSM24N;2;19629;1200;68;127662B;15/06/2016;17,69;17,67;;;17,74;18,76;;;;;;
TSM24N;2;19629;1200;68;127662B;15/06/2016;16,67;18,04;19,07;19,39;15,67;18,66;17,96;18,7;18,39;18,83;18,99;18,71
TSM24N;1;19688;1200;68;127658B;16/06/2016;18,46;19,21;19,27;18,8;18,46;18,89;18,83;19,36;18,29;19,27;17,96;18,36
TSM24N;2;18084;1200;68;127292A;17/06/2016;17,14;17,06;18,07;18,78;16,56;18,05;16,72;17,22;18,41;18,32;17,99;17,58
TSM24N;2;18084;1200;68;127292B;18/06/2016;17,18;16,88;17,07;16,86;18,47;18,34;19,21;19,03;18,52;17,4;17,89;18,84
TSM24N;1;19688;1200;68;127658B;18/06/2016;18,49;19,44;18,71;18,78;18,64;17,79;19,13;19,34;18,63;18,96;18,71;19,09
TSM24N;2;18084;1200;68;127292C;20/06/2016;16,21;16,59;17,91;18,1;16,1;16,28;17,93;17,89;17,96;18,01;17,54;17,19
TSM24N;1;11691;1200;68;128434;20/06/2016;19,33;18,73;19,21;19;18,85;18,74;19,89;19,27;19,13;19,58;19,1;19,36
TSM24N;2;C19017;1200;68;128435A;23/06/2016;17,29;17,82;18,32;18,19;17,03;17,1;18,56;18,75;18,6;18,68;18,37;17,8
TSM24N;1;18606;1200;68;128430;23/06/2016;18,95;19,32;18,38;19,52;18,35;18,73;17,66;19,31;18,69;19,59;19,31;19,41
TSM24N;2;C19017;1200;68;128435A;25/06/2016;16,46;17,61;18,72;18,17;17,91;17,7;17,78;18,44;18,69;18,56;17,91;18,47
TSM24N;1;19632;1200;68;128431;25/06/2016;18,97;18,58;18,3;19,18;17,71;17,94;18,11;19,37;18,47;19;18,95;19,83
TSM24N;1;18084;1200;68;128727A;27/06/2016;16,72;16,43;17,58;16,92;17,56;18,26;18,17;18,39;17,83;18,09;18,24;18,53
TSM24N;2;18068;1200;68;128645A;27/06/2016;17,77;18,33;17,97;18,62;17,4;17,92;18,71;19,37;18,93;18,07;18,47;18,8
TSM24N;1;18084;1200;68;128727b;29/06/2016;17,69;16,77;17,97;18,94;18,04;18,71;18,24;18,51;18;18,78;17,75;18,97
TSM24N;2;18068;1200;68;128645b;30/06/2016;18,03;18,48;18,48;18,25;18,04;18,36;17,97;18,64;18,14;18,7;18,46;18,73
TSM24N;1;12084;1200;68;128432A;01/07/2016;18,49;18,33;19,57;19,11;18,86;19,03;18,88;19,48;17,31;18,58;19,68;18,83
TSM24N;1;12084;1200;68;128432B;03/07/2016;19,36;20,41;20,05;20,24;20,13;20,84;19,92;20,1;19,43;20,02;20,45;20,58
TSM24N;1;12088;1200;68;128795;06/07/2016;19,3;19,15;19,76;19,23;20,02;20,73;19,92;19,82;18,69;19,9;19,66;20,65
TSM24N;1;19690;1200;68;128938;11/07/2016;19,13;18,99;19,23;19,99;18,55;18,78;19,18;19,42;19,22;19,18;18,58;19,37
TSM24N;1;18084;1200;68;128727b;30/09/2016;18,52;17,31;18,37;19,48;;;;;;;;
TSM24N;1;19624;1200;68;131858A;08/10/2016;19,82;19,36;19,48;19,72;18,88;18,96;19,47;19,92;18,36;18,54;19,49;19,6
TSM24N;1;19624;1200;68;131858A;08/10/2016;20,58;20,15;20,22;20,6;19,39;19,38;20,08;20,51;19,03;19,31;20,21;19,94
TSM24N;1;19624;1200;68;131858B;09/10/2016;21,16;20,73;20,36;20,72;18,76;17,55;20,29;20,74;19,65;19,89;18,93;19,89
TSM24N;1;19624;1200;68;131858B;09/10/2016;20,46;20,36;19,72;20,2;19,25;18,27;20,56;20,64;19,71;19,96;19,69;20,22
TSM24N;1;19624;1200;68;131858A;09/10/2016;20,11;19,6;19,72;20,27;18,34;16,78;19,96;20,69;19,21;19,17;18,9;19,81
TSM24N;1;19624;1200;68;131858B;10/10/2016;19,98;20,65;20,89;20,76;19,65;18,79;20,41;20,81;20,05;19,9;19,92;20,01
TSM24N;1;19624;1200;68;131858C;13/10/2016;20,84;21,01;20,38;21,06;20,11;20,77;20,69;20,81;19,98;20,46;20,65;20
TSM24N;1;C18049;1200;68;131438;15/10/2016;19,56;20,19;19,57;20;18,4;18,89;19,13;20,37;19,7;20,4;17,31;19,42
TSM24N;1;19624;1200;68;131858D;15/10/2016;20,78;21,06;20,49;20,53;19,46;19,74;20;20,8;19,99;20,24;18,87;20,54
TSM24N;1;C18049;1200;68;131438;16/10/2016;20,02;20,6;;;19,35;19,49;19,65;21,1;20,22;19,92;20,23;19,83
TSM24N;1;C18049;1200;68;131438;16/10/2016;19,74;20,15;19,55;20,33;18,79;19,02;19,52;20,46;20,15;20,32;19,32;19,1
TSM24N;1;19631;1200;68;131857;19/10/2016;19,01;19,75;17,83;18,52;19,07;19,15;18,96;19,95;19,58;19,65;19,37;18,53
TSM24N;1;19631;1200;68;131857;20/10/2016;;;18,24;14,73;18,55;18,19;;;;;;
TSM24N;1;19631;1200;68;131857;20/10/2016;;;18,08;18,92;19,03;18,78;;;;;;
TSM24N;1;19631;1200;68;131857;20/10/2016;;;17,7;18,3;17,96;18,08;;;;;;
TSM24N;1;19631;1200;68;131857;20/10/2016;;;18,6;15,5;18,38;18,18;;;;;;
TSM24N;1;19631;1200;68;131857;21/10/2016;19,88;19,87;18,27;18,97;18,85;19,12;19,55;19,62;18,33;19;17,92;19,92
TSM24N;1;19688;1200;68;132173;22/10/2016;19,32;20,47;19,49;19,5;18,96;18,83;19,33;19,91;17,96;20;18,17;19,63
TSM24N;1;19688;1200;68;132173;22/10/2016;18,58;19,75;18,23;18,47;18,43;18,22;19,4;18,74;17,41;18,92;18,74;18,57
TSM24N;1;19688;1200;68;132173;22/10/2016;19,32;20,47;19,49;19,5;18,96;18,83;19,33;19,91;17,96;20;18,17;19,63
TSM24N;1;19688;1200;68;132173;23/10/2016;;;;;;;;;21,02;20,96;18,8;20,84
TSM24N;1;19688;1200;68;132173;23/10/2016;18,64;20,84;19,98;20,13;19,77;19,76;19,91;20,54;18,47;18,52;18,06;19,53
TSM24N;1;19688;1200;68;132085A;03/11/2016;20,6;21,16;19,64;19,73;20,03;18,93;20,79;21,25;20;20,12;18,3;20,75
TSM24N;1;19688;1200;68;132085A;03/11/2016;;;;;;;20,95;21,5;;;19,17;20,8
TSM24N;2;19632;1200;68;131358;04/11/2016;19,09;19,84;18,73;19,34;17,64;17,62;19,57;19,3;18,81;18,93;20,22;20,69
TSM24N;2;19632;1200;68;131358;05/11/2016;19,9;20,23;18,49;19,06;17,52;19,78;19,37;18,9;19,36;19,51;20,25;21,17
TSM24N;1;19688;1200;68;132085B;05/11/2016;19,02;18,54;19,51;19,36;19,48;20,63;20,79;19,1;19,19;19,18;18,95;20,43
TSM24N;2;19632;1200;68;131358;05/11/2016;18,89;19,19;17,43;18;16,4;18,91;18,48;18,43;18,39;18,86;18,85;20,43
TSM24N;1;19688;1200;68;132085B;06/11/2016;20,62;20,08;19,39;19,8;20,16;19,91;19,8;20,46;20,25;20,15;19,51;19,75
TSM24N;2;19632;1200;68;131358;06/11/2016;19,69;19,5;18,95;18,89;17,4;16,69;19,07;18,91;18,85;19,63;20,28;20,81
TSM24N;2;19632;1200;68;131358;06/11/2016;19,84;18,12;18,52;19,43;19,72;17,01;19,76;19,58;19,11;19,76;20,09;19,91
TSM24N;2;19632;1200;68;131358;06/11/2016;;;;;20,45;20,06;19,55;19,11;;;;
TSM24N;1;19688;1200;68;132085B;06/11/2016;20,25;19,82;19,44;19,54;20,08;19,62;19,63;20,76;19,76;20,15;19,2;20,27
TSM24N;2;18088;1200;68;132086;06/11/2016;20,84;20,77;16,64;17,02;19,22;19,75;20,25;19,85;19,76;19,91;20,39;21,46
TSM24N;2;18088;1200;68;132086;06/11/2016;;;20,44;20,5;;;;;;;20,44;21,22
TSM24N;1;19688;1200;68;132085B;06/11/2016;17,66;18,78;19,51;19,43;20,16;19,78;20,21;21,44;19,99;20,35;19,4;19,86
TSM24N;1;19688;1200;68;132085B;06/11/2016;18,57;18,74;19,98;19,6;20,06;20,53;20,41;21,32;20,14;20,11;19,76;19,9
TSM24N;2;18088;1200;68;132086;07/11/2016;20,25;21,21;20,71;20,11;19,42;20,1;20,12;19,11;19,68;20,34;20,22;21,49
TSM24N;1;19688;1200;68;132183;08/11/2016;20,7;20,49;20,09;20;20,91;19,88;21;20,93;20,66;20,11;19,5;20,38
TSM24N;2;18084;1200;68;132180;09/11/2016;20,38;21,24;20,38;20,15;19,87;19,61;20;20,34;19,51;20,11;19,94;21,45
TSM24N;1;C18049;1200;68;142536;09/11/2016;18,35;20,75;19,74;19,46;19,41;19,85;16,64;20,93;17,18;18,02;18,44;20,05
TSM24N;1;19638;1200;68;133579A;10/11/2016;21,53;21,45;18,81;18,88;20,06;20,62;20,55;22,04;20,62;20,34;20,81;20,79
TSM24N;1;19690;1200;68;132087;11/11/2016;20,61;20,81;19,91;19,16;20,05;20,45;20,7;21,61;20,32;20,26;20,13;20,22
TSM24N;1;19690;1200;68;132087;12/11/2016;20,82;21,45;20,07;19,89;20,53;20,52;20,71;21,69;20,29;20,82;19,72;20,19
TSM24N;1;18067;1200;68;132185;12/11/2016;20,21;18,77;18,89;19,14;19,95;19,96;20,62;21,08;19,58;19,96;19,93;20,01
TSM24N;1;18067;1200;68;132185;13/11/2016;20,44;20,55;18,97;18,58;20,06;19,61;20,49;20,53;19,52;20;19,48;20,14
TSM24N;1;18067;1200;68;132185;13/11/2016;19,81;20,66;18,52;17,97;19,67;19,52;20,27;20,87;19,67;19,49;19,65;19,49
TSM24N;1;18067;1200;68;132185;13/11/2016;20,45;19,6;19,25;19,31;20,12;20,13;20,3;21,18;19,6;20,46;19,67;20,1
TSM24N;1;18065;1200;68;132877;15/11/2016;19,99;20,6;18,25;18,22;19,61;19,65;20,08;20,77;19,53;19,71;18,92;19,61
TSM24N;1;18085;1200;68;132182;17/11/2016;19,83;20,5;18,24;17,61;19,28;19,28;19,31;20,69;18,85;19,42;18,76;19,2
TSM24N;1;18085;1200;68;132182;17/11/2016;;;18,21;18,05;19,66;19,76;;;;;;
TSM24N;1;19638;1200;68;132880;19/11/2016;20,01;18,94;18,76;18,8;19,92;19,94;20,46;19,17;18,91;19,8;19,47;19,65
TSM24N;1;19638;1200;68;132880;19/11/2016;20,3;21;19,47;19,01;19,88;20,01;20,54;21,37;19,6;20,84;19,65;19,84
TSM24N;1;19638;1200;68;132880;20/11/2016;19,88;20,38;18,71;19,6;19,97;20,08;20,31;21,02;19,16;19,46;19,25;19,57
TSM24N;1;19638;1200;68;132880;20/11/2016;20,52;22,46;19,65;18,91;21,17;20,77;21,39;22,63;20,44;20,87;20,16;20,83
TSM24N;1;19638;1200;68;132880;20/11/2016;20,89;21,76;19,41;20,59;;;20,9;22,08;;;;
TSM24N;1;19629;1200;68;132181;22/11/2016;20,43;21,31;19,15;20,35;21,11;21,21;20,79;21,61;20,43;19,66;20,47;20,47
TSM24N;1;12084;1200;68;131357;24/11/2016;21,18;21,12;18,78;18,07;20,33;19,87;19,65;21,44;19,26;19,57;21,02;21,35
TSM24N;1;12084;1200;68;131357;25/11/2016;;;18,88;18,84;;;;;19,21;19,89;;
TSM24N;1;19646;1200;68;133250;26/11/2016;20,26;19,49;17,42;16,95;;;19,04;19,59;17,52;18,21;20,36;20,18
TSM24N;1;19646;1200;68;133250;26/11/2016;20,22;20,98;17,53;17,11;18,05;18,72;20,1;17,32;18,81;17,71;20,54;20,33
TSM24N;1;19688;1200;68;132882;27/11/2016;20,7;21,19;18,23;17,97;19,34;19,81;20,19;20,66;18,53;18,81;20,72;20,77
TSM24N;1;19688;1200;68;132882;27/11/2016;20,54;20,66;19,48;18,74;19,88;19,77;;;;;;
TSM24N;1;C18049;1200;68;133435;29/11/2016;21,5;22,51;21,14;19,58;20,96;20,8;21,14;22,64;20,74;20,68;21,38;21,43
TSM24N;1;C18049;1200;68;133435;30/11/2016;;;21,09;19,5;21,27;21,03;;;;;;
TSM24N;1;19624;1200;68;133757;01/12/2016;22,05;21,94;18,91;19,64;20,61;21,5;21,16;22,07;19,89;21,11;21,09;19,99
TSM24N;1;18086;1200;68;133487;03/12/2016;21,11;21,67;19,98;18,94;19,39;21,03;20,74;21,25;19,56;20,11;20,17;19,59
TSM24N;1;18086;1200;68;133487;03/12/2016;20,56;20,57;19,38;18,88;21,26;21,39;20,77;21,39;18,93;19,13;19,75;19,34
TSM24N;1;18086;1200;68;133487;04/12/2016;21,09;21,56;19,86;19,14;20,23;21,09;21,03;21,78;19,63;20,23;20,54;19,81
TSM24N;1;18086;1200;68;133487;04/12/2016;19,43;21,47;21,06;19,04;19,68;21,13;20,9;19,51;20,03;19,47;19,68;19,76
TSM24N;1;18065;1200;68;133567;06/12/2016;21,87;21,94;20,14;19,38;20,71;21,57;22,13;21,22;20,49;20,88;21;20,57
TSM24N;1;18065;1200;68;133567;06/12/2016;21,56;22,08;20,23;20,22;;;;;;;;
TSM24N;1;18085;1200;68;133475;08/12/2016;;;18,74;18,66;;;20,14;21,37;;;20,73;21,16
TSM24N;1;18085;1200;68;133475;08/12/2016;21,52;20,86;18,13;18,29;20,37;20,37;20;21,89;19,72;20,29;20,4;20,75
TSM24N;1;19638;1200;68;133579A;09/12/2016;21,4;21,19;19,25;19,1;;;;;;;;
TSM24N;1;19638;1200;68;133579A;09/12/2016;;;18,25;18,82;;;;;20,3;20,12;;
TSM24N;1;19638;1200;68;133579A;09/12/2016;21,29;21,34;18,86;18,94;19,94;20,52;20,74;21,74;20,29;19,85;20,84;20,75
TSM24N;2;18084;1200;68;133568;10/12/2016;18,78;18,72;19,88;18,56;19,77;19,38;20,15;20,7;19,37;19,51;19,7;19,8
TSM24N;2;C19017;1200;68;131356A;11/12/2016;18,14;17,89;19,24;17,44;19,05;19,17;19,26;19,78;19,14;18,78;18,75;19,15
TSM24N;1;19638;1200;68;133579B;11/12/2016;20,31;20,79;18,53;19,63;19,69;20,05;19,92;20,65;19,49;19,37;20,35;20
TSM24N;1;19638;1200;68;133579A;11/12/2016;21,08;21,34;19,66;19,74;20,14;20,31;20,16;21,54;19,93;19,57;20,91;21,18
TSM24N;2;18084;1200;68;133568;11/12/2016;19,42;18,4;19,41;17,74;19,47;19,23;19,63;19,91;18,94;18,38;18,86;19,17
TSM24N;1;19638;1200;68;133579B;12/12/2016;20,9;21,39;19,35;19,05;;;20,76;20,96;20,43;20,23;20,97;21,16
TSM24N;1;19638;1200;68;133579B;12/12/2016;21,58;20,99;19,62;19,6;19,13;19,04;19,41;21,59;20,51;20,07;20,76;20,94
TSM24N;1;19638;1200;68;133579B;12/12/2016;20,57;20,85;18,95;19,05;;;20,51;20,7;20,18;20,01;20,39;20,63
TSM24N;1;19638;1200;68;133579B;12/12/2016;21,61;21,14;19,47;18,75;19,78;19,43;18,57;22,46;20,77;20,59;21,26;21,49
TSM24N;1;C18049;1200;68;132167;14/12/2016;21,16;21,74;19,18;19,35;19,69;21,59;18,99;19,14;20,29;20,75;21,06;20,7
TSM24N;2;C19017;1200;68;131356B;14/12/2016;18,89;18,98;20,33;18,51;19,92;19,83;19,37;20,4;20,01;19,94;20,35;20,12
TSM24N;1;18067;1200;68;133477;15/12/2016;20,5;20,21;18,54;18,46;18,52;19,09;19,48;20,4;18,01;19,94;19,9;18,57
TSM24N;1;19629;1200;68;133790;17/12/2016;20,65;19,99;19,84;19,1;18,86;19,47;20,96;20,86;19,56;20,05;19,75;18,71
TSM24N;1;18067;1200;68;133477;17/12/2016;21,27;19,5;19,12;19,35;19,28;19,59;21,25;20,69;20,02;20,13;19,73;18,86
TSM24N;2;19624;1200;68;133758;17/12/2016;21,06;19,67;20,03;19,74;20,55;20,67;20,95;21,39;20,79;20,78;21,82;21,66
TSM24N;1;18067;1200;68;133477;17/12/2016;20,09;19,02;18,45;18,96;18,55;19,6;20,53;21,29;18,51;19,8;19,6;19,14
TSM24N;1;19629;1200;68;133790;18/12/2016;19,99;19,74;19,46;18,45;18,41;19,26;20,51;19,61;19,68;20,18;19,77;19,16
TSM24N;1;19629;1200;68;133790;18/12/2016;20,98;19,84;20,39;19,24;19,04;19,13;20,78;20,56;20,14;19,17;;
TSM24N;2;18085;1200;68;134495;03/01/2017;19,72;19,52;20,84;19,95;20,63;21,2;20,7;20,17;19,81;20,23;20,48;20,2
TSM24N;1;18068;1200;68;134299A;03/01/2017;21,18;20,52;19,01;18,96;19,53;18,85;20,73;21,48;20,61;20,45;19,5;20,33
TSM24N;1;18068;1200;68;134299B;06/01/2017;21,77;21,58;20,04;19,37;19,41;21,45;21,18;21,86;21,39;21,33;21,33;22,11
TSM24N;1;18068;1200;68;134299B;07/01/2017;20,23;20,46;17,74;17,99;18,74;20,37;19,62;20,59;20,15;20,42;20,6;20,68
TSM24N;1;18065;1200;68;134527;08/01/2017;20,46;20,56;18,49;18,82;18,6;18,64;20;19,99;19,99;20,65;20,09;20,72
TSM24N;1;18065;1200;68;134527;08/01/2017;20,96;20,14;18,7;18,69;18,71;18,43;20,02;20,86;19,71;20,27;20,07;20,8
TSM24N;1;C18049;1200;68;134697A;09/01/2017;22,11;20,54;21;19,92;19,19;19,61;21,07;22,21;21,8;22,14;19,87;21,8
TSM24N;1;C18049;1200;68;134697A;10/01/2017;;;21,13;20,71;19,92;20,25;;;;;;
TSM24N;2;12027;1200;68;134300;12/01/2017;20,27;21,23;22,12;21,62;21,41;21,86;22,19;23,2;21,71;21,74;22,27;22,72
TSM24N;1;C18049;1200;68;134697B;12/01/2017;22,17;22,18;21,66;20,32;19,94;21,61;22,27;23,05;21,59;21,58;21,55;21,15
TSM24N;1;19690;1200;68;134525;14/01/2017;20,68;21,36;20,99;20,347;20,17;20,83;21,45;22,5;21,23;21,29;20,91;20,73
TSM24N;1;19690;1200;68;134525;14/01/2017;21,15;22,11;21,03;21,08;20,27;21,01;21,36;22,29;21,2;21,22;20,91;20,98
TSM24N;1;19690;1200;68;134525;15/01/2017;21,46;22,28;20,69;21;20,79;20,79;21,29;22,68;21,57;21,25;20,97;20,9
TSM24N;1;18084;1200;68;134496;15/01/2017;21,38;22,27;20,16;20,67;19,98;20,65;21,23;22,34;21,37;21,01;20,71;21,05
TSM24N;1;18084;1200;68;134496;17/01/2017;21,26;21,55;20,23;20,34;19,88;20,8;20,64;22,06;20,73;20,82;20,5;20,91
TSM24N;2;19638;1200;68;134529A;19/01/2017;20,37;20,61;20,55;20,05;21,2;20,9;20,32;20,59;21,14;20,17;20,24;21,09
TSM24N;1;19587;1200;68;134712A;20/01/2017;22,48;22,62;20,3;20,42;19,92;20,42;20,56;22,1;21,12;21,59;20,24;21,32
TSM24N;2;19638;1200;68;134529B;21/01/2017;21,28;20,79;21,16;20,71;21,46;22,41;20,81;21,43;21,03;20,64;21,49;21,35
TSM24N;1;19587;1200;68;134712A;21/01/2017;22,8;21,6;19,8;20,01;19,38;20,73;20,32;22,31;21,09;21,65;20,36;21,81
TSM24N;1;19587;1200;68;134712B;22/01/2017;21,78;19,72;19,28;19,32;19,15;19,98;19,91;21,54;20,57;20,66;20,71;19,63
TSM24N;2;12027;1200;68;134817;22/01/2017;20,86;20,24;21,34;21,08;20,98;21,3;20,09;21,38;20,15;20,87;19,97;21,29
TSM24N;2;12027;1200;68;134817;22/01/2017;20,06;20,77;18,41;18,37;18,6;19,78;19,17;20,59;20,1;20,35;19,05;20,32
TSM24N;1;19587;1200;68;134712B;22/01/2017;20,78;21,37;18,69;18,76;18,95;20,18;19,61;21,41;19,92;20,33;19,33;20,83
TSM24N;2;18067;1200;68;134599;24/01/2017;20,86;20,78;21,33;20,35;20,72;20,86;20,76;21;20,19;21,33;20,92;21,19
TSM24N;1;18086;1200;68;134516;25/01/2017;21,41;22,38;20,76;20,62;20,08;20,16;21,66;22,63;20,43;21,22;21,25;22,09
TSM24N;2;18085;1200;68;135015A;26/01/2017;20,06;20,35;20,4;20,36;21,2;21,4;20,37;21,45;20,88;21,52;21,38;21,57
TSM24N;1;18086;1200;68;134516;27/01/2017;21,4;20,93;19,76;19,72;19,88;21,18;22,3;22,15;20,56;21,36;21,32;20,92
TSM24N;1;18022;1200;68;134308;28/01/2017;20,72;22,84;19,97;20,09;21,63;21,93;21,3;20,15;20,3;20,73;20,97;20,22
TSM24N;1;18022;1200;68;134308;28/01/2017;20,52;21,88;19,39;19,57;21,5;20,38;21,25;22,44;20,37;20,73;20,83;20,64
TSM24N;2;18085;1200;68;135015A;28/01/2017;20,64;19,81;20,5;20,32;20,24;21,13;20,41;21,04;20,19;20,71;20,32;20,83
TSM24N;2;18085;1200;68;135015B;28/01/2017;18,07;17,76;19,96;19,77;19,7;20,66;20,06;20,6;19,62;20,04;20,06;20,79
TSM24N;2;18085;1200;68;135015B;28/01/2017;19,54;19,56;20,06;19,87;19,92;20,41;19,83;20,61;19,79;20,56;20,02;20,82
TSM24N;2;18085;1200;68;135015B;29/01/2017;19,07;19,13;19,97;19,65;19,86;19,92;20,27;20,03;18,74;19,88;20,07;20,63
TSM24N;2;18085;1200;68;135015B;29/01/2017;19,48;19,58;20,62;19,7;19,51;20,44;19,86;20,57;19,93;20,51;20,34;20,5
TSM24N;1;18022;1200;68;134308;29/01/2017;20,24;21,05;19,7;20,33;20,72;21,09;21,26;21,9;20,73;21,12;20,11;20,48
TSM24N;1;18022;1200;68;134308;29/01/2017;20,59;20,14;20,23;19,89;20,93;21,53;21,28;21,87;20,58;20,5;20,47;20,25
TSM24N;2;19629;1200;68;134600;31/01/2017;20,08;19,29;20,71;20,11;20,89;21,2;20,54;20,88;19,65;20,89;20,35;20,96
TSM24N;1;11691;1200;68;134305;01/02/2017;19,97;20,84;19,73;20,55;20,99;21,51;21,45;22,08;20,49;21;20,79;20,76
TSM24N;2;19629;1200;68;135107;02/02/2017;19,47;19,76;20,38;20,49;20,38;20,79;19,91;19,34;19,75;20,16;20,06;21,05
TSM24N;2;19646;1200;68;134715;03/02/2017;20,73;19,92;19,44;20,49;20,53;20,75;18,95;20,48;19,85;19,61;21,19;21,14
TSM24N;1;19688;1200;68;134532A;04/02/2017;19,99;20,07;20,04;20,74;21,21;21,53;21,3;22;20,55;20,76;20,5;20,7
TSM24N;1;19688;1200;68;134532A;04/02/2017;20,45;20,21;20,19;20,76;21,22;21,34;21,07;20,21;20,07;20,94;20,61;20,09
TSM24N;2;19646;1200;68;134715;04/02/2017;20,19;19,46;19,05;19,65;20,07;20,27;19,13;19,85;19,45;19,54;20,62;20,86
TSM24N;2;19646;1200;68;134715;04/02/2017;20,35;19,43;18,8;19,37;19,85;19,41;20,11;19,36;19,32;19,19;20,85;20,49
TSM24N;1;19688;1200;68;134532A;05/02/2017;20,56;19,79;20,08;20,57;20,9;21,17;20,7;21,97;19,89;20,16;20,2;20,77
TSM24N;1;19688;1200;68;134532A;06/02/2017;20,74;20,82;20,16;21,22;21,45;21,63;20,95;22,55;20,52;21,36;20,98;21,21
TSM24N;1;19688;1200;68;134532B;07/02/2017;21,48;21,95;19,9;20,36;19,38;19,98;20,89;20,42;20,51;21,08;20,65;20,88
TSM24N;1;12027;1200;68;134370;09/02/2017;21,55;22,18;20,89;21;20,5;21,06;20,87;22,01;21;21,05;21,43;21,99
TSM24N;2;12084;1200;68;135083;11/02/2017;21,2;21,7;21,52;21,81;21,06;21,92;21,76;20,14;20,81;20,93;22,05;20,86
TSM24N;2;18067;1200;68;135675;11/02/2017;18,97;20,27;20,14;20,28;21,09;20,79;18,84;21,22;19,44;18,79;20,79;19,61
TSM24N;2;12084;1200;68;135083;12/02/2017;21,56;21,28;21,16;20,28;21,45;21,55;20,67;22,18;20,35;20,68;21,59;22,01
TSM24N;2;12084;1200;68;135083;12/02/2017;22,12;21,61;21,18;21,86;22,02;22,01;21,43;22,98;20,99;21,54;22,07;22,56
TSM24N;1;19688;1200;68;135300B;15/02/2017;20,48;21,07;19,41;20,02;20,9;20,71;19,53;21,5;19,53;20,45;19,73;20,55
TSM24N;2;C19017;1200;68;134354;15/02/2017;20,01;20,28;19,09;20,67;21,2;22,16;20,61;22,05;20,57;20,84;22,27;21,12
TSM24N;2;12088;1200;68;135302;17/02/2017;20,38;20,08;19,37;20,72;21,25;21,16;20,02;21,36;20,55;20,17;19,82;20,37
TSM24N;1;18011;1200;68;134530;18/02/2017;20,15;20,78;19,59;20,17;20,16;18,61;19,06;21,14;19,71;19,53;19,75;20,32
TSM24N;1;18011;1200;68;134530;18/02/2017;21,69;21,63;19,63;20,9;20,7;21,12;20,3;21,51;20,55;20,43;20,39;20,86
TSM24N;2;12088;1200;68;135302;18/02/2017;21,29;20,23;19,88;19,9;20,58;21;20,18;21,73;19,99;20,15;19,92;20,72
TSM24N;2;12088;1200;68;135302;18/02/2017;20,46;20,22;19,51;19,42;20,01;20,41;19,89;21,11;19,46;20,13;20,04;21,04
TSM24N;2;12090;1200;68;135303;19/02/2017;20,87;20,63;19,96;19,95;20,54;21,1;20,01;21,44;19,23;20,12;20,54;19,4
TSM24N;2;12088;1200;68;135302;19/02/2017;21,11;20,51;19,95;19,89;20,38;21,24;20,09;21,88;20,32;20,18;20,35;20,96
TSM24N;1;18011;1200;68;134530;19/02/2017;21,65;22,01;20,1;20,93;20,78;19,5;20,34;21,41;21,15;20,46;20,72;20,85
TSM24N;1;18011;1200;68;134530;19/02/2017;21,23;21,44;20,11;20,72;19,46;21,18;20,34;21,15;20,48;20,57;20,16;20,75
TSM24N;1;19587;1200;68;135334;21/02/2017;19,9;18,78;18,77;18,83;18,75;18,32;19,73;20,94;19,53;19,77;19,53;20,27
TSM24N;;18067;1200;68;135676;21/02/2017;19,4;19,2;19,36;19,29;18,95;19,8;19,74;20,08;18,74;19,72;19,67;19,96
TSM24N;;18067;1200;68;135676;23/02/2017;20,2;20,12;19,16;19,57;19,55;19,93;18,96;20,61;18,97;19,38;18,51;20,17
TSM24N;1;19624;1200;68;134531;25/02/2017;21,56;20,81;20,12;20,66;20,8;21,22;21,37;22,53;21,03;21;20,51;20,9
TSM24N;2;19629;1200;68;135897;25/02/2017;20,79;20,44;20,21;20,26;20,51;20,77;19,97;21,14;19,25;19,76;19,97;21,21
TSM24N;2;19629;1200;68;135677;25/02/2017;20,36;20,2;20,47;19,75;20,72;21,08;20,12;21,26;19,37;19,6;20,09;21,13
TSM24N;1;19624;1200;68;134531;25/02/2017;21,71;20,77;19,9;21;19,93;21,2;20,37;22,13;21,55;21,15;20,35;20,97
TSM24N;1;19624;1200;68;134531;26/02/2017;21,61;20,76;20,14;20,74;;;21,03;21,73;21,46;21,04;19,84;20,79
TSM24N;2;19629;1200;68;135677;26/02/2017;20,79;19,93;20,66;19,76;20,69;19,88;20,39;21,22;19,68;20,11;19,95;21,01
TSM24N;2;19629;1200;68;135677;26/02/2017;19,82;19,61;19,32;18,83;20,01;20,56;19,58;20,94;19,02;18,96;19,58;20,64
TSM24N;1;19624;1200;68;134531;26/02/2017;;;;;18,57;21,06;21;21,89;;;;
TSM24N;1;19624;1200;68;134531;26/02/2017;20,87;20,72;19,38;19,86;17,42;20,64;20,71;21,45;20,9;20,45;20,04;20,68
TSM24N;1;19688;1200;68;135874A;28/02/2017;19,55;20,82;19,35;19,63;19,99;20,41;19,55;21,13;18,621;20,2;19,56;19,66
TSM24N;2;19624;1200;68;135997B;01/03/2017;20,93;19,93;19,93;20,73;20,6;20,81;20,21;20,9;20,48;20,09;20,54;19,88
TSM24N;1;19688;1200;68;135874B;02/03/2017;20,15;21,24;19,39;20,22;19,98;21,1;18,69;21,29;18,87;19,3;19,18;19,5
TSM24N;1;19661;1200;68;136041;04/03/2017;19,55;20,97;18,68;19,27;19,66;19,73;18,75;20,89;17,99;18,97;18,56;18,56
TSM24N;2;19624;1200;68;135997C;04/03/2017;20,32;20,12;20,3;20,48;19,3;19,67;20,3;20,31;19,5;20,12;21,03;21,13
TSM24N;1;19661;1200;68;136041;04/03/2017;20,02;20,9;18,73;19,55;19,66;20,3;19,64;20,77;18,3;19,69;19,04;18,98
TSM24N;1;19661;1200;68;136041;04/03/2017;19,88;20,82;18,38;19,19;19,36;19,84;19,61;20,65;19,49;19,17;18,31;18,98
TSM24N;2;19624;1200;68;135997C;05/03/2017;20,92;20,66;20,26;20,5;19,4;19,72;20,13;20,37;19,85;20,58;18,61;22,08
TSM24N;1;19661;1200;68;136041;05/03/2017;20,49;20,93;18,64;19,81;20,17;20,62;19,94;18,63;18,96;19,13;20,91;18,67
TSM24N;1;19662;1200;68;136042;05/03/2017;20,51;19,38;18,66;19,78;20,43;20,63;19,99;18,51;18,55;18,5;19,03;19,18
TSM24N;2;18086;1200;68;135879;05/03/2017;20,43;20,42;20,42;19,88;20,5;19,63;19,63;19,62;19,77;19,86;21,48;21,48
TSM24N;2;18085;1200;68;136199A;11/03/2017;20,01;19,2;19,51;19,56;19,49;19,31;19,42;18,78;19,04;20,09;20,09;20,25
TSM24N;2;18085;1200;68;136199A;11/03/2017;19,79;20,27;20,53;19,98;20,37;19,8;19,9;18,9;18,96;20,45;21,07;20,92
TSM24N;2;18085;1200;68;136199B;12/03/2017;19,51;19,34;20,42;20,12;19,62;19,36;19,45;18,69;19,13;20,08;20,6;20,8
TSM24N;1;19629;1200;68;136201;12/03/2017;20,87;21;19,06;19,1;20,3;20;20,4;21,03;20;20,08;19,52;19,7
TSM24N;2;18085;1200;68;136199B;14/03/2017;19,74;18,95;19,61;19,96;20,04;19,21;19,71;17,5;19,28;20,31;20,2;20,38
TSM24N;1;18084;1200;68;136768;15/03/2017;21,1;21,24;19,43;19,69;20,44;20,94;20,67;20,98;20,17;20,46;19,75;19,91
TSM24N;2;18084;1200;68;136769;21/03/2017;18,62;18,67;19,81;18,92;19,51;19,81;19,31;19,71;18,77;19,21;20,07;19,62
TSM24N;1;18065;1200;68;136736;23/03/2017;20,46;21,23;19,9;20,09;20,09;21,14;20,22;21,35;20,29;20,6;20,01;19,5
TSM24N;1;18088;1200;68;136044;25/03/2017;21,03;21,64;19,48;18,77;21,03;20,73;21,58;21,92;19,75;20,53;20,95;19,97
TSM24N;2;12088;1200;68;136869;25/03/2017;19,86;19,5;20,75;20,4;20,02;20,747;20,74;20,52;20,4;20,5;21,34;21,43
TSM24N;1;18088;1200;68;136044;25/03/2017;21,77;22,33;20,91;20,15;21,07;21,1;21,5;22,3;21,38;21,14;20,89;20,05
TSM24N;2;12088;1200;68;136869;25/03/2017;19,97;20,16;20,85;20,03;20,02;20,73;20,14;21,08;20,3;20,64;20,15;21,6
TSM24N;2;12088;1200;68;136869;26/03/2017;20,54;19,55;20,42;19,93;20,37;21,94;20,9;20,49;20,39;20,47;21,02;21,85
TSM24N;1;18088;1200;68;136044;26/03/2017;21,21;21,85;20,34;20,31;20,69;20,83;20,73;21,86;20,92;21,04;20,9;20,22
TSM24N;1;18088;1200;68;136044;26/03/2017;21,57;21,94;19,18;19,45;20,67;20,79;20,02;21,55;20,45;21,11;20,55;20,04
TSM24N;2;12088;1200;68;136869;26/03/2017;20,17;20,53;20,49;19,87;20,9;19,99;20,46;20,6;20,24;20,59;21,05;21,36
TSM24N;1;18088;1200;68;136044;26/03/2017;21,01;20,12;19,94;19,5;20,46;20,62;20,79;21,6;20,66;21,09;20,52;19,6
TSM24N;2;18065;1200;68;136870;28/03/2017;19,84;19,68;20,24;19,73;20,14;19,94;20,12;20,66;19,97;19,79;20,46;20,93
TSM24N;2;19644;1200;68;136871;30/03/2017;20,31;19,74;19,85;20,03;20,31;21,35;20,01;20,23;20,21;19,95;20,1;20,26
TSM24N;2;19638;1200;68;136872;19/04/2017;21;20,77;20,6;20,77;21,32;21,07;20,21;21,6;20,36;21,67;20,89;21,39
TSM24N;2;19638;1200;68;136737;20/04/2017;20,14;20,15;19,66;20,08;20,69;20,43;19,87;21,05;20,32;20,85;20,6;20,92
TSM24N;2;19688;1200;68;137768A;22/04/2017;20,42;19,96;20,09;19,87;20,84;21,12;19,38;21,24;20,09;20,85;20,7;21,05
TSM24N;2;19688;1200;68;137768A;22/04/2017;20,7;20,8;20,83;20,68;21,31;21,42;19,84;21,32;20,31;20,91;20,89;21,43
TSM24N;2;19688;1200;68;137768A;23/04/2017;20,77;20,18;20,57;20,31;20,89;21,33;19,36;21,4;19,99;21,36;20,39;20,9
TSM24N;2;19688;1200;68;137768B;23/04/2017;20,64;20,3;20,66;19,94;20,52;21,51;21,79;21,51;20,1;21,07;21,19;21,52
TSM24N;2;19688;1200;68;137768B;25/04/2017;21,21;20,66;20,5;20,27;22,22;21,03;19,53;22,23;20,27;20,74;20,68;21,62
TSM24N;2;19690;1200;68;136875;27/04/2017;20,35;21,38;20,48;20,69;21,12;21,23;20,96;22,25;20,62;21,86;20,84;21,6
TSM24N;2;18086;1200;68;137311;29/04/2017;20,88;21,22;20,94;21,48;21,3;20,78;20,35;22,28;21,03;21,23;21,33;21,55
TSM24N;2;18086;1200;68;137311;29/04/2017;20,94;22,02;20,81;21,37;21,05;21,03;20,63;22,48;20,74;21,47;21,2;21,88
TSM24N;2;19629;1200;68;137309;06/05/2017;20,86;21,07;21,25;21,11;21,05;20,41;19,96;21,95;20,57;21,25;21,18;21,83
TSM24N;2;19629;1200;68;137309;06/05/2017;20,79;20,84;21,11;21,22;20,92;20,2;19,72;21,95;20,4;21,39;21,31;21,47
TSM24N;2;19629;1200;68;137310;07/05/2017;21,24;21,32;20,765;21,29;21,05;19,54;19,1;22,1;20,25;21,06;21,64;22,21
TSM24N;2;19629;1200;68;137310;07/05/2017;20,97;21,51;20,67;21,35;20,99;20,1;19,91;22,22;20,97;21,52;21,59;21,63
TSM24N;2;19629;1200;68;137310;08/05/2017;20,99;21,07;21,21;20,11;20,9;20,87;18,37;21,73;21;21,37;21,38;22,14
TSM24N;2;19629;1200;68;137310;08/05/2017;21,36;21,62;21,22;21,71;21,71;20,31;18,74;22,22;20,56;22,08;21,76;21,98
TSM24N;2;19688;1200;68;137768C;15/05/2017;20,57;20,37;19,92;20,1;20,56;21,02;20,93;21,02;20,14;20,42;20,17;20,41
TSM24N;2;19688;1200;68;137768D;17/05/2017;19,69;19,97;19,75;19,62;20,05;19,18;20,01;21,18;19,19;19,69;20,03;20,43
TSM24N;2;19631;1200;68;136874;19/05/2017;19,95;18,72;19,63;19,35;19,82;19,14;18,94;19,73;19,68;18,35;19,6;19,04
TSM24N;1;11695;1200;68;137881;20/05/2017;19,68;19,29;18,25;18,88;18,19;19,71;17,9;19,04;19,08;19,23;18,6;19,05
TSM24N;2;19631;1200;68;136874;20/05/2017;20,19;19,27;20,21;19,67;20,17;19,75;18,64;19,41;19,68;19,28;19,03;20,04
TSM24N;2;19631;1200;68;136874;20/05/2017;19,57;18,78;19,32;19,23;18,98;19,47;18,4;19,16;19,33;18,66;18,48;18,84
TSM24N;1;11695;1200;68;137881;20/05/2017;19,37;18,76;18,2;18,89;17,84;19,73;17,89;18,65;18,63;19,06;18,45;18,5
TSM24N;2;19644;1200;68;137886;21/05/2017;19,2;20,52;20,78;20,55;20,04;20,34;19,79;20,9;19,5;18,92;20,04;20,42
TSM24N;1;18067;1200;68;137882A;21/05/2017;19,07;18,62;18,91;18,11;19,92;17,99;17,66;19,1;18,55;18,63;18,48;18,86
TSM24N;1;18067;1200;68;137882B;23/05/2017;19,26;19,15;17,55;18,62;17,8;19,24;17,34;18,76;19,18;19,41;18,18;18,48
TSM24N;2;18085;1200;68;137887A;23/05/2017;19,6;20,51;20,19;20,08;20,12;19,49;18,85;19,72;18,49;19,36;19,66;19,91
TSM24N;1;19662;1200;68;138185;26/05/2017;18,98;18,9;17,66;18,72;17,81;18,82;17,55;18,63;18,92;19,21;18,3;18,81
TSM24N;2;19629;1200;68;137888;27/05/2017;18,01;19,63;19,65;19,63;19,55;19,01;17,99;19,64;18,28;18,65;19,16;19,17
TSM24N;1;19661;1200;68;138186;27/05/2017;19,19;19,35;18,16;18,71;19,64;18,11;18,06;18,69;19,23;19,93;18,96;19,48
TSM24N;2;19629;1200;68;137888;27/05/2017;19,88;19,45;19,44;19,39;19,25;19,06;19,94;20,34;18,5;18,77;19,33;19,94
TSM24N;1;18085;1200;68;138207A;28/05/2017;19,04;18,87;18,7;18,99;18,01;17,96;17,27;18,38;19,09;19,71;17,82;17,96
TSM24N;2;19629;1200;68;137888;28/05/2017;18,11;19,7;18,88;19,41;18,82;18,74;17,7;18,14;18,47;18,44;18,97;19,85
TSM24N;1;18085;1200;68;138207A;28/05/2017;18,79;18,84;18,3;18,84;18,23;18,25;17,61;18,49;19,05;19,05;17,8;19,53
TSM24N;1;18085;1200;68;138207b;30/05/2017;19,53;19,49;18,07;18,75;17,91;18;17,5;18,48;19,54;19,74;18,15;19,43
TSM24N;1;18030;1200;68;137884;01/06/2017;19,96;19,64;18,68;19,32;18,43;19,88;18,18;19,56;19,94;20,38;18,81;19,22
TSM24N;2;12088;1200;68;137883;02/06/2017;19,57;19,06;20,92;19,94;19,56;20,6;20,47;21,2;19,67;19,6;20,22;19,12
TSM24N;2;12088;1200;68;138184;03/06/2017;19,67;20,14;20,55;20,47;19,91;20,27;20,01;21,09;19,06;19,51;19,66;19,08
TSM24N;1;18084;1200;68;138469;03/06/2017;19,94;19,73;19,16;19,15;16,66;17,31;18,84;19,28;18,64;19,72;19,26;17,81
TSM24N;2;12088;1200;68;138184;04/06/2017;19,82;19,93;20,69;19,81;20,64;20,16;20,08;21,2;18,97;18,69;19,51;19,01
TSM24N;1;18084;1200;68;138469;04/06/2017;19,53;20,03;18,79;18,9;15,77;18,03;18,73;19,19;18,16;19,69;19;17,73
TSM24N;1;18084;1200;68;138469;04/06/2017;20,8;20,34;19,44;19,19;18,06;17,94;19,57;19,64;18,85;20,4;19,88;18,71
TSM24N;1;18084;1200;68;138187;04/06/2017;20,19;20,22;19,48;19,38;17,78;17,81;19,05;19,71;18,64;20,13;19,88;18,33
TSM24N;1;18084;1200;68;138187;04/06/2017;20,55;20,43;19,76;19,76;17,59;18,16;19,11;20,15;19,01;20,15;19,86;18,41
TSM24N;2;19587;1200;68;138392;04/06/2017;19,79;19,45;19,98;19,78;20,47;20,53;20,2;20,84;19,38;19,15;19,7;19,26
TSM24N;2;12088;1200;68;138184;04/06/2017;19,15;19,58;20,16;19,71;20,16;19,85;19,77;20,94;18,71;19,63;19,75;18,91
TSM24N;1;18084;1200;68;138187;05/06/2017;21,03;20,79;20,36;19,91;18,14;18,56;19,41;20,65;19,38;20,88;20,71;18,89
TSM24N;1;18084;1200;68;137885;06/06/2017;20,54;20,36;19,31;19,63;16,71;17,96;19,45;20,01;19,07;20,35;20,13;18,37
TSM24N;1;18084;1200;68;137885;06/06/2017;;;19,76;19,48;17,04;18,32;;;;;;
TSM24N;2;19638;1200;68;138189a;07/06/2017;20,85;20,28;20,5;20,12;20,87;20,7;20,35;20,97;19,74;20,73;20,06;19,94
TSM24N;1;18084;1200;68;137885;07/06/2017;20,38;19,75;;;17,64;18,19;;;;;;
TSM24N;1;18084;1200;68;137885;07/06/2017;20,33;19,753;19,5;19,85;17,25;19,05;18,83;20,51;18,88;20,24;19,91;18,56
TSM24N;1;18084;1200;68;137885;08/06/2017;19,69;19,47;;;17,66;17,71;;;;;;
TSM24N;1;18084;1200;68;137885;08/06/2017;19,86;20,05;19,75;19,42;17,11;17,2;18,3;19,81;18,77;19,87;19,61;18,63
TSM24N;1;12090;1200;68;137951;09/06/2017;19,95;19,76;20,58;20,42;17,82;19,44;19,03;21,06;19,53;20,84;20,26;19,06
TSM24N;1;12090;1200;68;137951;09/06/2017;20,63;20,17;20,44;20,65;17,24;17,3;19,1;20,65;19,34;20,97;20,6;19,42
TSM24N;2;19638;1200;68;138189B;09/06/2017;18,08;18,63;19,74;18,2;19,65;19,39;18,79;20,17;18,52;20,24;18,89;18,24
TSM24N;1;12090;1200;68;137951;10/06/2017;19,58;20,38;20,71;20,77;;;19,39;20,98;20,08;21,07;21,16;20,16
TSM24N;2;19638;1200;68;138189B;10/06/2017;18,73;18,16;18,82;19,24;20,28;19,94;19,51;20,79;18,63;20,12;19,45;18,7
TSM24N;1;12090;1200;68;137951;10/06/2017;;;;;17,57;17,75;;;;;;
TSM24N;1;12090;1200;68;137951;10/06/2017;;;;;18,35;18,78;;;;;;
TSM24N;1;18065;1200;68;138653;11/06/2017;20,46;19,86;18,71;19,72;;;18,78;19,88;18,68;20,04;20,38;18,56
TSM24N;2;18086;1200;68;138191A;11/06/2017;17,74;18,36;18,85;17,35;19,34;18,94;18,99;19,42;17,74;19,45;18,27;18,29
TSM24N;2;18086;1200;68;138191A;11/06/2017;18,47;17,76;19,97;18,62;20,01;20,09;18,91;18,59;18,47;20,25;19,05;18,86
TSM24N;1;18065;1200;68;138653;11/06/2017;19,87;18,9;18,31;20,14;;;18,16;19,33;18,81;19,96;18,63;18,52
TSM24N;1;18065;1200;68;138653;12/06/2017;21,28;20,52;20,93;21,14;17,97;18,13;19,57;21,17;20,19;21,24;19,2;19,1
TSM24N;1;18065;1200;68;138653;12/06/2017;20,6;19,75;20,57;21,01;18,3;17,23;19,4;20,91;19,83;20,72;20,19;19,58
TSM24N;1;18065;1200;68;138653;12/06/2017;20,64;20,58;20,17;20,94;17,19;17,44;19,66;21,25;19,78;20,89;18,87;19,04
TSM24N;2;18086;1200;68;138191A;12/06/2017;18,21;18,37;18,94;19,03;20,28;20,14;20,24;20,63;18,91;20,37;19,32;19,11
TSM24N;1;18068;1200;68;138695A;13/06/2017;20,6;20,11;20,06;20,09;17,89;17,73;18,52;19,15;20,1;20,26;19,56;20,49
TSM24N;1;18068;1200;68;138695A;14/06/2017;20,54;19,94;19,77;19,67;18,19;18,47;18,56;18,18;19,07;19,39;19,32;19,7
TSM24N;2;18086;1200;68;138191B;14/06/2017;17,9;18,66;18,77;19,21;19,55;19,83;18,35;19,27;18,44;19,71;18,02;18,88
TSM24N;1;18068;1200;68;138695B;16/06/2017;20,26;20,32;19,82;19,24;17,55;17,95;19,1;19,28;19,68;19,65;19,1;19,28
TSM24N;1;19688;1200;68;138999A;17/06/2017;20,29;20,41;19,59;19,41;16,88;18,65;19,31;19,51;19,7;19,54;19,4;19,44
TSM24N;2;19638;1200;68;138212;17/06/2017;19,11;20,2;20,71;19,13;19,05;20,29;20,13;21,22;20,07;20,49;20,18;20,16
TSM24N;2;19624;1200;68;138390;17/06/2017;19,86;19,21;20,13;18,93;19,24;19,58;19,37;19,45;18,61;20,07;19,3;19,35
TSM24N;1;19688;1200;68;138999A;18/06/2017;20,46;20,33;19,67;19,75;17,32;17,67;19,09;19,78;20,21;20,06;19,73;19,85
TSM24N;1;19688;1200;68;138999A;18/06/2017;19,95;20,33;19,71;19,37;18,28;17,16;19,19;19,58;19,23;19,07;19,56;19,36
TSM24N;2;19638;1200;68;138212;18/06/2017;18,96;19,87;20,34;19,01;18,64;19,69;19,72;20,4;19,55;20,17;18,98;19,42
TSM24N;1;19688;1200;68;138999B;20/06/2017;20,05;19,56;19,85;19,65;18,53;18,41;19,59;19,91;;;19,62;19,6
TSM24N;2;19638;1200;68;138649;20/06/2017;18,95;19,24;20,28;19,26;19,35;20,01;19,32;20,71;19,06;20,34;19,45;19,69
TSM24N;1;18065;1200;68;138857;22/06/2017;19,42;19,69;18,46;18,24;16,24;17,65;18,48;18,68;17,94;18,83;19,08;18,57
TSM24N;2;18088;1200;68;138190;22/06/2017;19,16;19,11;17,69;18,29;17,33;17,6;18,77;18,69;18,05;18,7;18,93;19,04
TSM24N;1;19662;1200;68;138854;24/06/2017;19,22;19,26;18,65;19,46;15,57;17,4;18,21;18,16;18,26;18,27;18,57;18,5
TSM24N;2;19631;1200;68;138648;24/06/2017;18,45;18,79;18,99;18,8;18,95;19,08;18,87;19,39;18,47;19,24;18,73;18,62
TSM24N;1;19662;1200;68;138854;24/06/2017;19,56;19,58;19,47;19,38;16,82;18,51;18,8;18,6;17,81;18,76;19,11;19,21
TSM24N;2;19629;1200;68;139065;25/06/2017;19,51;19,31;18,38;18,59;18,43;19,93;19,43;20,64;19,13;19,98;19,82;19,75
TSM24N;2;19631;1200;68;138648;25/06/2017;19,14;19,32;19,15;18,11;18,72;19;18,95;19,82;18,5;19,63;18,54;18,63
TSM24N;1;19661;1200;68;138855;25/06/2017;19,41;18,84;19,4;19,19;17,3;15,79;18,45;17,14;17,36;18,03;18,83;18,97
TSM24N;1;19661;1200;68;138855;27/06/2017;19,34;19,49;19,34;18,93;17,99;18,05;19,4;18,26;18,87;19,82;17,05;18,82
TSM24N;1;19661;1200;68;138855;27/06/2017;;;;;18,5;18,53;;;;;19,84;19,69
TSM24N;2;18067;1200;68;139462;27/06/2017;19,46;18,9;18,4;18,36;18,04;19,57;18,79;19,83;18,7;18,66;17,99;19,45
TSM24N;1;19661;1200;68;138855;28/06/2017;19,13;18,99;17,79;19,12;16,27;17,12;18,12;18,68;18,41;18,66;18,47;18,4
TSM24N;1;19661;1200;68;138855;28/06/2017;19,13;19,39;18,16;18,82;17,2;18,05;18,35;18,73;18,28;18,71;18,67;18,69
TSM24N;1;18606;1200;68;138665;29/06/2017;19,44;19,22;18,6;19,51;16,5;16,74;18,61;17,58;17,86;19,13;19,07;18,9
TSM24N;1;18606;1200;68;138665;29/06/2017;;;;;17,4;17,56;19,39;18,32;17,88;19,47;;
TSM24N;2;18085;1200;68;138996A;29/06/2017;18,1;19,37;18,34;19,27;18,71;19,68;19,54;20,13;18,65;19,94;18,44;20,31
TSM24N;1;18606;1200;68;138665;30/06/2017;19,38;19,86;18,58;19,42;16,61;16,97;19;19,71;19,24;19,54;19,29;19,46
TSM24N;1;19688;1200;68;139511;01/07/2017;20,06;20,6;19,14;20,17;18,1;17,97;19,38;20,59;19,71;18,69;19,79;19,94
TSM24N;1;19688;1200;68;139511;01/07/2017;19,85;19,98;18,68;19,5;16,71;17,42;19,05;19,74;19;17,97;19,49;19,64
TSM24N;2;18085;1200;68;138996B;01/07/2017;19,81;19,12;19,63;19,17;19,48;18,78;19,49;19,53;20,54;20,42;19,74;20,57
TSM24N;2;18085;1200;68;138996A;01/07/2017;19,93;18,24;19,66;18,89;18,12;19,54;19,03;20,2;19,15;19,6;18,5;19,88
TSM24N;2;18085;1200;68;138996B;02/07/2017;19,04;18,8;19,08;18,37;19,6;20,2;18,85;18,93;18,32;19,32;19,35;19,81
TSM24N;1;19688;1200;68;139511;02/07/2017;19,19;20,13;19,24;19,81;16,81;17,2;18,71;19,73;19,17;17,89;18,15;19,61
TSM24N;2;18085;1200;68;138996B;02/07/2017;18,94;19,48;18,9;18,45;19,19;19,4;19,21;19,29;17,88;20;19,15;19,62
TSM24N;1;19688;1200;68;139511;02/07/2017;19,61;19,91;18,38;19,37;16,38;16,42;18,61;19,16;18,95;17,76;19,06;19,23
TSM24N;1;19688;1200;68;139512;04/07/2017;19,47;20,33;20,05;19,96;17,55;17,89;19,6;19,93;19,76;18,76;19,51;19,78
TSM24N;2;18065;1200;68;138858;04/07/2017;19,3;19,95;19,01;18,77;19,98;20,29;19,62;20,64;18,9;20,16;19,92;20,47
TSM24N;1;19688;1200;68;138656;06/07/2017;19,17;19,09;19,13;19,52;17,15;17,89;18,44;19,8;19,32;18,67;19,16;18,12
TSM24N;2;18068;1200;68;138909;07/07/2017;17,96;17,39;17,66;17,15;18,65;18,16;18,22;18,78;19,15;19,24;17,6;18,28
TSM24N;1;19688;1200;68;138213;08/07/2017;20,04;19,44;19,81;19,63;17,17;18,31;18,73;18,71;18,3;19,18;19,49;19,65
TSM24N;2;18067;1200;68;139463;08/07/2017;19,3;18,52;19,61;19,17;18,49;20,04;18,94;20,31;18,81;19,97;18,88;20
TSM24N;1;19688;1200;68;138213;09/07/2017;20,84;20,27;19,99;19,93;18;19,19;19,22;19,49;20,09;19,856;19,96;20,08
TSM24N;1;19688;1200;68;138213;09/07/2017;21,07;21,03;20,57;20,43;18,37;20,07;18,88;20,48;20,09;20,85;20,62;20,62
TSM24N;2;18084;1200;68;139863;09/07/2017;20,24;20,41;20,91;19,43;20,27;20,91;20,26;20,93;19,82;21,18;21,04;19,67
TSM24N;2;18067;1200;68;139463;09/07/2017;19,05;19,25;20,19;19,8;20,11;20,34;19,66;20,54;19,6;20,32;19,42;20,56
TSM24N;1;19688;1200;68;138213;10/07/2017;20,97;20,46;20,31;20,1;17,76;19,65;19,52;19,52;19,53;20,18;20,61;20,01
TSM24N;1;19688;1200;68;138213;10/07/2017;20,44;20,43;20,32;20,28;19,07;18,49;19,69;19,34;19,21;20,47;20,06;20,2
TSM24N;1;19688;1200;68;138213;11/07/2017;21,03;20,47;21,23;20,21;18,58;18,12;19,96;19,14;19,43;20,23;20,74;20,72
TSM24N;2;C18049;1200;68;139717;12/07/2017;20,81;20,84;21,18;21,2;21,18;21,03;20,69;20,24;20,29;20;20,15;20,86
TSM24N;1;18086;1200;68;138194;13/07/2017;21,23;21,32;20,59;20,56;19,26;19,38;20,69;20,29;20,65;20,65;21,34;20,81
TSM24N;2;19688;1200;68;139866A;15/07/2017;20,79;20,85;21,43;21,25;20,4;20,9;20,73;20,26;20,47;20,63;21,36;21,24
TSM24N;1;19587;1200;68;138727;15/07/2017;21,31;20,74;20,77;20,64;19,62;19,19;20,49;20,21;20,18;20,88;20,28;20,66
TSM24N;1;19587;1200;68;138727;15/07/2017;20,38;20,13;20,39;19,89;19,19;18,3;20,12;18,98;19,86;20,34;19,76;19,99
TSM24N;2;C18049;1200;68;139718;15/07/2017;21,47;20,48;21,42;20,86;19,21;21,45;20,87;20,61;20,27;20,21;20,09;20,67
TSM24N;2;19688;1200;68;139866A;16/07/2017;20,57;21,12;21,09;20,93;20,97;20,21;20,51;20,78;20,01;20,07;20,17;21,83
TSM24N;2;19688;1200;68;139866A;16/07/2017;20,18;20,73;20,2;20,56;20,39;20,69;20,31;19,92;20,07;19,93;20,3;21,71
TSM24N;1;19690;1200;68;138209;16/07/2017;20,37;20,63;20,44;19,85;18,57;19,24;20,41;19,93;19,85;20,44;20,16;20,55
TSM24N;1;19587;1200;68;138727;16/07/2017;21,08;20,94;20,73;20,06;19,48;19;20,87;19,85;20,26;20,49;20,01;20,32
TSM24N;1;18086;1200;68;139243;18/07/2017;20,79;20,83;20,32;19,98;19,93;19,72;20,28;19,58;19,86;20,15;20,13;20,2
TSM24N;2;19688;1200;68;139866B;18/07/2017;20,75;20,51;21;21,13;21,04;20,69;20,41;19,54;20,16;18,97;20,09;20,66
TSM24N;2;18084;1200;68;139864;20/07/2017;19,62;20,21;20,66;21,48;20,71;21,01;20,68;19,33;19,84;19,42;19,49;20,94
TSM24N;1;18086;1200;68;139243;20/07/2017;19,46;20,21;19,99;19,91;19,28;19;19,95;19,24;19,56;18,9;20,16;20,07
TSM24N;2;19629;1200;68;139242;16/08/2017;20,02;19,23;19,33;18,96;;;19,59;20,17;20,01;19,49;19,89;20,23
TSM24N;1;18086;1200;68;139865;17/08/2017;18,77;19,03;18,63;18,18;17,84;17,66;18,73;19,18;18,72;18,55;18,5;18,72
TSM24N;2;19629;1200;68;139242;17/08/2017;20,33;19,43;19,6;19,63;19,39;20,01;19,84;20,01;19,82;19,98;20,17;20,13
TSM24N;2;19629;1200;68;139562;18/08/2017;20,38;20,13;20,21;19,21;19,87;20,38;19,91;20,25;19,78;20,25;19,81;20,29
TSM24N;2;19629;1200;68;139562;19/08/2017;20,46;20,04;20,5;19,51;19,94;20,65;20,16;20,11;19,88;19,42;19,86;20,37
TSM24N;2;19688;1200;68;139563A;20/08/2017;20,54;20,47;20,73;20,16;19,6;20,07;20,68;19,72;19,61;20,29;19,67;20,57
TSM24N;2;19629;1200;68;139562;20/08/2017;20,64;19,76;20,79;19,13;19,74;20,61;20,47;20,1;20,32;19,96;20,46;20,2
TSM24N;1;18086;1200;68;140826;22/08/2017;19,34;18,82;18,73;19,99;18,32;17,85;18,01;19,51;18,46;18,61;18,78;19,43
TSM24N;2;19688;1200;68;139563A;22/08/2017;19,7;19,67;19,63;18,19;19,18;19,33;19,26;18,94;19,13;19,55;19,57;19,99
TSM24N;1;18085;1200;68;139798;24/08/2017;18,95;18,54;18,48;19,32;18,01;17,91;18,21;19,25;18,6;18,94;18,57;19,32
TSM24N;2;19688;1200;68;139563B;27/08/2017;20,18;20,06;19,92;19,85;20,09;19,41;18,98;18,9;19;20,14;19,79;20,12
TSM24N;2;18088;1200;68;139560;29/08/2017;20,24;19,99;20,04;20,13;19,92;20,3;19,39;19,88;19,11;20,04;19,81;20,35
TSM24N;2;19629;1200;68;140358;12/09/2017;20,56;19,81;19,92;19,9;20,15;18,94;18,92;20,75;17,95;20,63;18,92;20,43
TSM24N;1;11695;1200;68;140355;14/09/2017;18,54;18,2;18,67;18;18,5;18,02;18,24;18,73;18,2;18,56;18,8;19,74
TSM24N;2;19688;1200;68;141103;15/09/2017;19,57;18,59;19,58;19,36;19,71;19,57;19,74;20,16;18,97;19,3;19,12;19,36
TSM24N;2;19688;1200;68;141102;15/09/2017;;;18,96;19,97;20,6;18,19;18,24;21,01;18,62;20,94;;
TSM24N;2;19688;1200;68;141102;15/09/2017;19,79;19,48;18,12;19,54;19,55;17,58;17,76;20,76;18,18;20,25;18,94;20,13
TSM24N;2;19688;1200;68;141103;16/09/2017;18,29;18,38;19,57;19,7;18,86;19,94;19,61;19,6;18,23;19,31;18,82;17,87
TSM24N;1;11695;1200;68;140355;16/09/2017;18,33;19,57;18,65;18,87;17,44;18,18;18,87;17,91;18,6;18,81;19,03;19,85
TSM24N;1;18084;1200;68;140773;17/09/2017;18,63;19,1;20,25;19,58;19,75;18,5;18,89;19,16;19,14;19,21;19,49;20,42
TSM24N;2;18065;1200;68;141070;17/09/2017;18,34;17,29;19,2;18,25;18,09;19,38;18,91;18,95;17,68;17,81;18,09;18,6
TSM24N;1;18084;1200;68;140773;17/09/2017;18,4;18,92;19,31;18,89;18,9;17,8;18,41;19,37;18,6;19,01;19,28;19,82
TSM24N;2;19688;1200;68;141103;17/09/2017;19,14;18,41;19,77;18,74;19,05;20,53;19,92;20,35;18,6;20,41;18,73;18,91
TSM24N;2;19638;1200;68;141075;19/09/2017;18,5;16,96;18;17,96;18,47;18,79;18,16;19,27;17,84;18,81;17,9;17,51
TSM24N;1;18067;1200;68;141101A;19/09/2017;18,17;18,96;19,86;19,44;19,27;18,2;19,39;19,22;20,04;19,59;19,73;20,19
TSM24N;2;18086;1200;68;141076;21/09/2017;18,62;18,28;18,29;18,02;18,6;19,46;19,04;19,27;17,98;19,63;18,25;18,32
TSM24N;1;18067;1200;68;141101B;21/09/2017;18,39;18,85;19,05;18,71;19,17;18,65;19;19,36;19,18;19,03;19,26;20,41
TSM24N;2;18085;1200;68;141072;23/09/2017;18,5;18,13;18,73;18,48;18,76;19,21;18,7;19,18;18,14;19,3;18,04;18,81
TSM24N;1;18030;1200;68;141073;23/09/2017;19,68;20,33;21,13;21,7;20,93;20,2;20,66;22,15;19,92;20,49;19,99;21,7
TSM24N;1;18606;1200;68;140917;23/09/2017;20,14;20,14;20,7;20,09;20,72;20,09;19,73;21,21;21,07;21,23;21,22;21,2
TSM24N;2;18086;1200;68;141076;23/09/2017;18,21;18,32;18,11;20;18,63;19,43;18,94;19;17,96;19,3;19,52;18,84
TSM24N;1;18084;1200;68;141074A;24/09/2017;18,97;19,07;19,61;20,13;19,87;18,82;19,92;19,8;19,64;19,34;20,21;20,61
TSM24N;2;18085;1200;68;141072;24/09/2017;18,52;18,01;18,38;17,9;18,4;18,74;18,7;19,69;18,18;19,27;17,8;17,83
TSM24N;2;18085;1200;68;141072;24/09/2017;19,43;19,43;19,29;19,31;19,67;20,55;19,96;20,22;19,67;20,72;19,11;19,11
TSM24N;1;18030;1200;68;141073;24/09/2017;19,83;20,15;20,26;20,36;21,03;20,08;20,76;21,72;21,34;21,95;21,14;22,19
TSM24N;1;18084;1200;68;141074A;26/09/2017;17,96;18,77;19,07;19,31;18,76;18,65;19,4;19,49;19,36;19,81;19,36;19,56
TSM24N;2;11701;1200;68;141071;26/09/2017;20,15;19,46;19,89;20,6;20,41;19,13;18,88;18,91;18,23;20,1;19,15;20,34
TSM24N;2;19690;1200;68;141079;28/09/2017;19,76;19,5;19,29;20,53;19,09;19,34;17,15;16,37;19,3;20,05;18,96;20,32
TSM24N;1;18084;1200;68;141074b;28/09/2017;18,99;18,91;18,84;19,36;17,89;18,24;19,32;19,37;18,5;19,05;18,89;18,4
TSM24N;1;19632;1200;68;141851;30/09/2017;20,03;17,93;18,8;19,03;17,95;18,38;19,41;20,01;19,14;18,66;19,12;19
TSM24N;2;19688;1200;68;141077;30/09/2017;18,72;19,38;19,01;20,35;18,53;18,88;16,42;15,43;17,84;20,11;18,81;19,78
TSM24N;2;19688;1200;68;141077;30/09/2017;19,04;19,36;20,44;20,63;18,88;19,6;19,74;18,32;;;18,56;19,31
TSM24N;2;19688;1200;68;141077;30/09/2017;19,35;19,55;19,27;20,92;18,9;19,38;18,9;20,93;;;18,85;19,79
TSM24N;1;C19017;1200;68;141296;30/09/2017;20,14;18,04;18,94;19,98;19,41;18,52;19,73;20,04;19,29;19,65;19,65;19,49
TSM24N;2;19688;1200;68;141077;30/09/2017;19,69;19,54;19,16;20,88;19,98;20,08;18,88;20,7;19,88;18,6;18,51;19,78
TSM24N;2;19688;1200;68;141077;30/09/2017;20,76;19,8;19,62;21,37;20,42;19,79;19,17;20,98;19,92;17,98;18,69;20,38
TSM24N;1;C19017;1200;68;141296;01/10/2017;20,15;18,82;18,78;20,19;18,65;19,07;19,76;19,71;18,79;19,32;19,28;19,46
TSM24N;2;19688;1200;68;141077;01/10/2017;20,07;19,54;19,12;21,45;19,89;20,48;18,95;20,94;18,39;20,57;19,16;20,06
TSM24N;2;19688;1200;68;141077;01/10/2017;20,27;19,4;19,7;21,27;19,71;19,71;19;20,81;19,54;20,87;18,83;20,12
TSM24N;2;19631;1200;68;141078;01/10/2017;19,1;18,73;18,9;20,14;19,49;19,06;17,86;20,29;18,21;19,91;18,34;18,85
TSM24N;2;19631;1200;68;141078;02/10/2017;;;;;;;20,14;20,31;19,42;20,41;;
TSM24N;2;19631;1200;68;141078;02/10/2017;19,9;19,92;19,93;20,29;19,64;19,41;18,68;20,5;19,09;20,15;19,39;19,78
TSM24N;2;19631;1200;68;141078;02/10/2017;20,03;19,74;20,45;19,54;18,79;19,03;18,76;18,33;18,55;19,76;18,61;19,92
TSM24N;2;19631;1200;68;141078;02/10/2017;19,66;19,05;19,7;20,6;18,75;19,19;17,93;20,39;18,54;19,85;18,32;19,4
TSM24N;2;19631;1200;68;141078;02/10/2017;19,11;18,52;18,6;19,6;18,24;18,65;17,33;19,52;18,37;19,22;17,58;18,81
TSM24N;1;C19017;1200;68;141305A;02/10/2017;20,01;18,54;19,61;19,32;18,8;18,01;19,59;19,68;18,19;18,75;19,15;18,9
TSM24N;2;19631;1200;68;141078;03/10/2017;19,43;18,59;18,79;19;18,31;17,86;18,02;18,2;17,87;18,97;18;18,84
TSM24N;2;12090;1200;68;141069;03/10/2017;19,59;19,11;19,68;20,02;20,02;19,08;18,54;20,38;19,33;19,71;19,33;20,45
TSM24N;1;C19017;1200;68;141305b;04/10/2017;20,17;19,87;18,94;19,58;18,93;16,94;20,09;20,74;19,02;19,21;19,65;19,32
TSM24N;1;C19017;1200;68;141305b;05/10/2017;20,39;19,9;19,47;20,18;19,47;17,52;20,23;20,65;;;;
TSM24N;2;12084;1200;68;141772;06/10/2017;19,9;20,21;20,18;20,95;20,84;20,56;18,16;20,33;20,14;20,05;20,04;20,78
TSM24N;2;19624;1200;68;141847A;07/10/2017;20,1;20,06;19,93;20,27;20,5;20,52;17,72;20,12;19,78;20,38;19,67;20,81
TSM24N;2;19624;1200;68;141847A;08/10/2017;19,16;19,15;19,68;19,66;19,79;20,24;17,02;19,24;19,03;19,44;19,24;20,06
TSM24N;1;18068;1200;68;141839a;09/10/2017;19,25;18,02;19,15;19,13;18,3;17,56;20,07;20,16;18,55;18,8;19,36;19,15
TSM24N;1;18068;1200;68;141839b;12/10/2017;19,11;18,9;17,56;19,32;17,26;17,43;19,38;19,47;17,95;18,08;19,17;18,8
TSM24N;2;C18049;1200;68;142069A;13/10/2017;19,8;18,79;19,91;19,35;19,14;20,78;19,19;18,91;16,7;19,29;19,06;20,25
TSM24N;1;12084;1200;68;141280;14/10/2017;18,13;19,62;19,94;20,54;19,59;19,66;20,15;20,72;19,17;19,03;20,15;20,48
TSM24N;2;C18049;1200;68;142069A;14/10/2017;19,46;18,32;19,7;19,27;;;;;17,56;19,83;;
TSM24N;2;C18049;1200;68;142069A;14/10/2017;19,85;19,31;20,14;19,43;19,67;20,8;19,46;19,59;17,97;19,9;21,07;19,67
TSM24N;1;12027;1200;68;141279;15/10/2017;19,84;19,34;20,33;20,61;20,06;19,56;20,29;21,14;19,14;19,62;20;19,78
TSM24N;2;C18049;1200;68;142069A;15/10/2017;19,38;18,99;19,54;20,14;19,95;19,22;20,18;20,55;18,64;19,25;19,92;19,84
TSM24N;1;12027;1200;68;141279;15/10/2017;19,78;18,73;19,76;20,47;19,35;21,23;19,52;19,48;19,54;19,84;19,3;20,76
TSM24N;2;C18049;1200;68;142069A;15/10/2017;;;;;;;19,6;20,17;20,38;20,19;;
TSM24N;2;C18049;1200;68;142069A;15/10/2017;19,98;18,88;20,4;20,03;19,94;21,06;19,18;19,53;16,27;20,06;18,37;20,69
TSM24N;1;12027;1200;68;142157;18/10/2017;19,71;20,08;20,29;19,97;20,24;19,68;20,14;20,94;18,91;19,46;19,41;19,5
TSM24N;2;19624;1200;68;142485;19/10/2017;18,96;19,33;19,24;19,32;18,94;19,97;18,65;18,65;18,82;18,94;17,47;18,78
TSM24N;2;19624;1200;68;142485;20/10/2017;19,56;19,54;19,5;19,39;20,01;19,99;18,92;19,45;19,6;19,73;18,88;19,94
TSM24N;1;19632;1200;68;141852;21/10/2017;20,77;20,05;19,39;20,96;19,85;18,49;19,98;19,43;19,3;18,65;19,31;20,04
TSM24N;2;19587;1200;68;142132;22/10/2017;19,3;19,68;19,79;19,84;20,36;20,39;19,7;20,45;19,96;20,25;20,05;20,84
TSM24N;2;19587;1200;68;142132;22/10/2017;19,85;18,75;19,63;19,27;19,99;20,17;19,51;19,78;19,26;19,72;18,91;20,32
TSM24N;1;19632;1200;68;141849;22/10/2017;20,87;20,18;19,76;19,25;20,58;18,4;19,69;19,6;19,41;20,13;19,79;19,17
TSM24N;1;19632;1200;68;141849;22/10/2017;21,06;19,79;19,03;19,43;20,02;18,2;19,99;19,42;18,74;19,32;19,15;19,42
TSM24N;1;19632;1200;68;141849;22/10/2017;20,76;20,69;19,53;19,52;20,45;18,88;20,37;19,57;19,17;19,76;19,7;20,1
TSM24N;2;18606;1200;68;141921;25/10/2017;19,61;19,64;20,56;20,92;19,76;20,12;19,65;20,17;20,54;18,94;19,74;20,24
TSM24N;1;19646;1200;68;141306;25/10/2017;19,1;19,8;18,87;19,35;19,26;18,64;19,06;18,85;18,61;17,73;19,44;19,37
TSM24N;1;12084;1200;68;142067;28/10/2017;19,81;21,6;17,85;21,02;20,274;20,16;20,5;19,37;19,95;19,16;20,27;21,77
TSM24N;1;12084;1200;68;142067;29/10/2017;20,69;21,37;19,79;21,7;19,49;20,17;21,21;21,05;20,25;19,68;20,67;21,73
TSM24N;1;12084;1200;68;142067;29/10/2017;20,02;20,98;19,26;20,13;19,02;19,36;19,85;19,74;19,3;19,04;19,52;20,53
TSM24N;1;C19017;1200;68;141290A;06/11/2017;20,23;19,94;19,74;20,21;19,51;18,65;20,12;21,3;19,95;19,74;19,82;20,82
TSM24N;1;19624;1200;68;142804;09/11/2017;20,1;19,86;18,52;18,53;18,9;17,08;19,56;20,3;19,54;17,97;19,45;20,14
TSM24N;1;19624;1200;68;142133A;11/11/2017;19,85;19,69;18,56;18,71;18,97;17,39;20,29;19,85;19,59;18,1;20,08;20,3
TSM24N;1;C18049;1200;68;142070;12/11/2017;20,88;19;20,02;20,01;19,72;18,65;20,87;20,62;20,44;19,56;20,35;21,01
TSM24N;1;19624;1200;68;142133 F1;15/11/2017;20,31;20,11;19,66;18,68;18,85;18,55;19,96;19,72;19,56;17,85;19,78;20,14
TSM24N;1;19646;1200;68;142263;18/11/2017;20,8;20,7;19,49;19,86;19,56;20,34;20,52;20,44;19,3;19,49;19,68;20,03
TSM24N;1;12027;1200;68;142158;19/11/2017;20,51;20,34;19,98;19,97;20,76;19,94;20,51;19,78;19,4;18,3;20,07;20,12
TSM24N;1;11695;1200;68;142838;21/11/2017;19,28;18,3;19,09;19,99;18,9;19,06;20,02;19,51;18,8;18,71;19,71;19,49
TSM24N;1;18067;1200;68;142831;23/11/2017;18,454;19,34;19,14;19,26;19,3;18,77;19,79;18,62;18,47;17,7;19,77;19,57
TSM24N;1;12088;1200;68;142837;25/11/2017;20,02;20,98;20,16;20,53;20,78;20,44;19,01;21,2;20,07;19,06;20,32;21,31
TSM24N;1;12088;1200;68;142837;26/11/2017;19,94;21,22;20,99;21,27;21,1;20,77;21,74;21,12;19,8;20,86;21;21,07
TSM24N;1;19629;1200;68;142981;26/11/2017;19,83;20,3;19,57;20,19;20,24;20,21;20,45;20,26;18,79;20,13;20,41;20,54
TSM24N;1;19629;1200;68;142981;28/11/2017;19,09;18,96;18,55;19,1;20,02;18,13;19,87;20,04;19,48;19,06;20,17;20,06
TSM24N;1;18067;1200;68;142980;30/11/2017;20,07;19,58;18,74;19,8;20,15;18,72;20,72;20,22;19,5;19,57;19,94;19,27
TSM24N;2;18085;1200;68;142881A;30/11/2017;18,97;18,42;19,25;19,46;18,54;18,98;18,48;18,88;18,48;19,95;18,79;19,73
TSM24N;1;18084;1200;68;142835;02/12/2017;20,56;20,36;19,66;20,28;20,88;18,98;20,45;21,27;19,95;20,95;20,43;20,08
TSM24N;2;18085;1200;68;142881b;02/12/2017;19,42;18,53;18,41;18,43;19,13;19,35;18,88;19,21;18,89;20,16;18,66;19,54
TSM24N;1;18084;1200;68;142835;02/12/2017;20,94;20,78;19,9;20,51;20,61;19,52;20,57;21,03;20,34;20,08;20,38;19,99
TSM24N;2;18085;1200;68;142881b;02/12/2017;19,33;18,67;19,89;19,82;18,93;19,15;18,66;18,91;18,67;19,72;19,02;19,14
TSM24N;1;18088;1200;68;142836;03/12/2017;21,24;21,16;20,01;21,15;21,45;19,37;19,91;21,01;20,79;20,97;20,67;20,79
TSM24N;1;18088;1200;68;142836;03/12/2017;21,1;20,46;20,3;20,86;20,78;19,23;20,13;20,87;20,02;20,15;20,9;20,42
TSM24N;2;18085;1200;68;142881b;03/12/2017;19,07;18,76;20,21;18,91;19,38;19,36;18,64;18,81;19,01;19,76;19,2;18,49
TSM24N;2;18085;1200;68;142881b;03/12/2017;19,29;18,76;20,14;20,74;19,24;19,21;19,41;19,8;18,84;19,95;19,05;18,94
TSM24N;1;19688;1200;68;142883a;05/12/2017;20,82;21,41;20,33;20,8;20,59;19,21;20,22;21,05;19,57;21,29;20,84;21,57
TSM24N;2;19638;1200;68;142882A;05/12/2017;20,18;19,92;20,69;19,91;21,08;19,4;19,32;20,61;;;19,86;20,15
TSM24N;1;19688;1200;68;142883b;07/12/2017;20,56;19,5;19,77;20,79;19,2;19,13;19,56;20,21;19,84;19,68;19,33;20,81
TSM24N;1;19688;1200;68;142883b;07/12/2017;19,64;19,48;19,71;19,51;19,03;18,88;19,42;20,49;19,57;19,63;19,56;21,1
TSM24N;1;19688;1200;68;142883b;09/12/2017;21,46;21,01;20,35;20,75;19,91;19,34;20,38;21,76;20,79;20,15;20,28;21,86
TSM24N;2;19690;1200;68;142839;09/12/2017;19,97;20,5;20,5;20,38;21,86;20,52;20,3;21,07;19,66;20,86;20,45;19,54
TSM24N;1;19624;1200;68;143501;10/12/2017;19,93;18,28;17,7;19,17;19,84;19,84;19,43;19,37;18,2;20,34;20,34;19,24
TSM24N;1;19624;1200;68;143501;10/12/2017;;;18,72;18,42;20,52;20,29;;;;;20,76;21,14
TSM24N;1;19624;1200;68;143501;10/12/2017;19,09;18,66;18,59;19,52;17,76;17,33;19,04;19,02;20,46;18,39;18,95;21,35
TSM24N;2;19690;1200;68;142839;12/12/2017;20,53;19,65;20,17;20,29;21,01;20,11;19,26;19,76;19,35;20,12;20,08;19,89
TSM24N;1;18068;1200;68;142365;13/12/2017;20,79;19,45;18,96;18,84;;;;;;;;
TSM24N;1;18068;1200;68;142365;13/12/2017;17,78;16,54;19,43;19,08;20,17;19,89;18,89;19,37;19,99;18,99;20,22;19,49
TSM24N;2;19638;1200;68;142882A;14/12/2017;20,77;20,33;20,38;20,05;21,64;19,96;19,88;19,54;19,55;20,73;20,08;19,94
TSM24N;2;19638;1200;68;142882B;16/12/2017;21,02;21,01;21,04;20,52;22,12;20,71;19,79;20,51;19,82;20,99;21,06;20,39
TSM24N;1;11691;1200;68;142467;16/12/2017;21,5;21,49;20,52;21,7;21,19;20,29;21,37;20,28;20,85;20,54;20,88;20,88
TSM24N;2;19638;1200;68;142882B;16/12/2017;20,63;20,28;20,3;20,18;20,46;19,7;19,49;20,46;19,51;20,01;19,48;20,26
TSM24N;1;11691;1200;68;142467;16/12/2017;22,26;21,34;21,04;21,6;21,5;20,04;20,98;20,29;20,32;20,41;20,25;20,98
TSM24N;1;C19017;1200;68;143797B;17/12/2017;18,87;20,74;20,31;20,54;21,05;19,48;19,88;20,34;20,4;20,04;20,31;19,99
TSM24N;1;C19017;1200;68;143797B;17/12/2017;20,67;20,67;20,84;20,8;21,2;19,68;20,16;20,37;20,8;19,7;19,88;20,56
TSM24N;1;C19017;1200;68;143797A;19/12/2017;20,84;19,93;19,49;20,37;19,88;19,4;19,29;20,63;19,83;20,05;19,33;20,61
TSM24N;1;C19017;1200;68;143797A;20/12/2017;20,6;19,98;18,99;19,99;19,76;18,89;18,98;19,63;19,18;19,85;18,81;19,72
TSM24N;1;19646;1200;68;143798;03/01/2018;20,92;18,84;19,06;19,88;20,41;19,42;20,62;20,3;20,44;19,06;19,85;20,83
TSM24N;1;19646;1200;68;143798;04/01/2018;;;;;;;;;;;;
TSM24N;1;19646;1200;68;143798;05/01/2018;;;;;;;;;;;;
TSM24N;1;18068;1200;68;143799;06/01/2018;20,75;19,82;19,23;19,44;19,35;18,9;20,18;18,82;19,47;18,28;19,74;18,05
TSM24N;1;18068;1200;68;143799;06/01/2018;20,44;20,11;20,6;20,08;19,45;19,37;20,59;19,34;20,4;19,21;19,63;20,15
TSM24N;1;18068;1200;68;143799;07/01/2018;20,88;18,65;19,83;19,53;19,21;19,07;21,37;19,58;19,73;18,89;19,6;19,49
TSM24N;1;18068;1200;68;143808;07/01/2018;19;20,54;19,34;20,39;19,39;18,68;20,92;19,65;18,99;18,73;19,78;19,47
TSM24N;1;18068;1200;68;143808;08/01/2018;;;;;;;;;;;;
TSM24N;1;12084;1200;68;143809;09/01/2018;;;;;;;;;;;;
TSM24N;2;18085;1200;68;143877;10/01/2018;;;;;;;;;;;;
TSM24N;1;12084;1200;68;143809;10/01/2018;20,61;21,75;20,71;20,33;20,46;20,12;21,03;20,8;20,59;19,49;20,7;21,07
TSM24N;2;18085;1200;68;143877;11/01/2018;18,06;18,57;17,47;19,38;19,55;19,22;19,39;18,99;19,08;18,52;19,08;17,3
TSM24N;1;11691;1200;68;143503;12/01/2018;;;;;;;;;;;;
TSM24N;2;18085;1200;68;143877;12/01/2018;18,83;19,59;17,53;19,28;19,88;19,53;19,89;19,24;19,29;18,71;18,64;17,86
TSM24N;1;11691;1200;68;143503;13/01/2018;21,23;19,69;20,37;20,17;21,02;20,35;20,8;20,46;21,14;19,78;20,55;20,97
TSM24N;2;19688;1200;68;143872A;13/01/2018;19,19;20,01;18,96;20,33;20,8;20,66;19,9;20,42;19,13;19,51;20,27;20,58
TSM24N;1;11691;1200;68;143503;13/01/2018;22,17;20,69;20,9;20,93;20,71;20,35;21,48;21,01;21,43;20,52;20,48;21,2
TSM24N;2;19688;1200;68;143872A;13/01/2018;19,14;19,74;18,34;19,44;20,49;20,29;20,51;20,14;19,72;19,95;19,9;21,01
TSM24N;1;18065;1200;68;144817;14/01/2018;20,46;18,94;19,46;20,1;20,19;19,05;20,43;19,31;20,55;19,44;20,89;19,99
TSM24N;1;18065;1200;68;144817;14/01/2018;21,15;19;19,89;20,25;21,18;19,43;20,76;19,3;20,57;19,44;20,36;20,53
TSM24N;2;19688;1200;68;143872B;14/01/2018;20,48;19,72;19,78;19,79;19,04;19,34;19,57;20,56;19,26;20,27;19,74;19,78
TSM24N;2;19688;1200;68;143872A;14/01/2018;19,1;18,76;19,11;20,07;20,23;20,26;19,45;19,65;18,98;19,62;19,56;20,21
TSM24N;1;18065;1200;68;144817;15/01/2018;;;;;;;;;;;;
TSM24N;2;19688;1200;68;143872B;15/01/2018;;;;;;;;;;;;
TSM24N;2;19688;1200;68;143872B;15/01/2018;20,12;19,65;19,61;19,24;19;19,65;19,22;20,12;18,91;20,09;19,46;19,47
TSM24N;1;19638;1200;68;143871;16/01/2018;19,52;19,33;19,16;20,08;19,82;18,36;19,69;19,4;19,67;18,4;19,81;19,06
TSM24N;2;19646;1200;68;143810;16/01/2018;20,65;19,95;19,25;19,59;19,27;19,31;19,77;19,92;20,3;18,84;18,18;19,86
TSM24N;1;19638;1200;68;143871;17/01/2018;;;;;;;;;;;;
TSM24N;1;19631;1200;68;143873;18/01/2018;;;;;;;;;19,41;18,57;;
TSM24N;1;19631;1200;68;143873;18/01/2018;19,84;19,41;20,09;20,43;20,19;18,59;19,66;19,04;19,08;18;19,34;20,1
TSM24N;1;19631;1200;68;143873;19/01/2018;;;;;;;;;;;;
TSM24N;1;18067;1200;68;144264;20/01/2018;18,91;20,4;20,63;21,12;21,07;19,17;20,76;20,61;20,41;19,41;20,36;19,79
TSM24N;1;18067;1200;68;144264;21/01/2018;19,36;19,83;20,6;21,13;19,93;18,756;20,43;20,95;19,85;18,88;20,25;20,7
TSM24N;1;18067;1200;68;144264;21/01/2018;19,56;19,98;20,53;21,11;20,4;19,68;20,55;21,46;20,31;19,18;20,81;19,89
TSM24N;1;19629;1200;68;143878;23/01/2018;19,29;19,47;19,38;20,54;20,49;19,14;20,27;21,24;19,74;19,25;19,89;20,98
TSM24N;1;19629;1200;68;144529;24/01/2018;20,23;19,51;19,52;19,54;19,14;18,47;19,45;19,14;19,08;18,27;19,13;20,32
TSM24N;1;19629;1200;68;144529;25/01/2018;20;18,69;18,56;18,68;19,6;18,56;20,61;20,22;19,24;18,35;19,07;20,19
TSM24N;2;19587;1200;68;144648;26/01/2018;18,24;19,05;19,97;20,42;19,72;19,29;19,43;19,68;18,65;18,01;19,24;20,19
TSM24N;2;18606;1200;68;144582;26/01/2018;;;;;;;;;;;;
TSM24N;1;19644;1200;68;144527;27/01/2018;20,34;19,89;19,67;20,34;19,31;19,09;20,34;20,89;20,29;19,37;19,3;20,98
TSM24N;2;18606;1200;68;144582;27/01/2018;20,33;19,94;19,58;21,09;20,81;20,69;20,32;19,87;19,9;21;20,35;20,91
TSM24N;2;18606;1200;68;144582;27/01/2018;20,25;19,67;19,63;21,24;20,41;20,9;20,77;20,24;19,36;21,41;20,18;21,01
TSM24N;2;18606;1200;68;144582;28/01/2018;20,34;20,65;19,03;21,25;19,65;20,13;20;19,54;19,65;20,77;19,69;20,31
TSM24N;1;19644;1200;68;144527;28/01/2018;19,17;18,37;18,8;18,15;18,52;17,65;19,16;19,86;18,62;18,4;18,84;19,63
TSM24N;1;19644;1200;68;144527;29/01/2018;;;;;;;;;;;;
TSM24N;2;19587;1200;68;144648;29/01/2018;;;;;;;;;;;;
TSM24N;1;19638;1200;68;144528a;30/01/2018;19,56;18,59;18,41;19,06;18,59;18,3;18,57;19,77;18,17;18,17;18,64;19,74
TSM24N;2;11691;1200;68;144649;31/01/2018;18,83;20,45;18,73;20,95;20,1;20,48;20,03;18,9;19,23;20,63;20,09;20,65
TSM24N;1;19638;1200;68;144528b;01/02/2018;19,15;18,67;18,44;18,44;18,07;18,63;18,94;19,8;19,39;17,54;19;19,7
TSM24N;2;11691;1200;68;144649;01/02/2018;;;;;;;;;;;;
TSM24N;2;18068;1200;68;143814;02/02/2018;;;;;;;;;;;;
TSM24N;2;18068;1200;68;143814;03/02/2018;20,15;20,03;20,01;20,55;19,87;20,27;19,73;18,9;19,41;20,82;20,1;18,04
TSM24N;1;19688;1200;68;144587;03/02/2018;20,38;19,1;18,97;19,04;19,49;18,51;19,34;20,12;19,94;18,83;19,01;19,6
TSM24N;1;19688;1200;68;144587;03/02/2018;20,33;19,09;18,76;18,93;18,39;18,73;19,27;20,23;19,3;18,96;19,45;18,24
TSM24N;2;18068;1200;68;143814;03/02/2018;18,2;20,58;18,19;20,37;20,08;19,61;19,6;18,38;19,73;20,18;19,67;19,52
TSM24N;1;18067;1200;68;144610;04/02/2018;19,2;18,79;18,71;18;19,26;18,5;19,36;19,86;18,43;18,71;19,41;19,27
TSM24N;2;18068;1200;68;143814;04/02/2018;18,81;20,8;18,66;20,99;20,42;20,46;20,04;19,02;20,24;21,13;20,45;19,75
TSM24N;1;19688;1200;68;144587;04/02/2018;19,71;19,1;19,37;19,31;18,97;18,85;19,7;20,46;20,14;19,39;19,56;20,18
TSM24N;2;19624;1200;68;143812A;04/02/2018;19,02;20,6;18,99;20,76;19,58;18,75;19,02;18,38;19,3;19,13;20,35;19,43
TSM24N;2;C19017;1200;68;144265;05/02/2018;;;;;;;;;;;;
TSM24N;1;18067;1200;68;144610;05/02/2018;;;;;;;;;;;;
TSM24N;1;18067;1200;68;144610;06/02/2018;19,42;18,38;18,76;18,81;18,8;18,62;18,82;20,04;19,42;19,12;18,81;19,38
TSM24N;1;18085;1200;68;144611a;07/02/2018;;;;;;;;;;;;
TSM24N;2;C18049;1200;68;144585;07/02/2018;20,24;20,51;19,26;20,34;19,25;19,81;20,39;19,42;18,62;20,55;19,28;20,23
TSM24N;1;18085;1200;68;144611a;08/02/2018;19,66;18,72;19,26;18,87;18,34;18,87;19,68;20,7;19,46;19,67;19,42;20,21
TSM24N;1;18085;1200;68;144611b;09/02/2018;;;;;;;;;;;;
TSM24N;2;18606;1200;68;144583;09/02/2018;;;;;;;;;;;;
TSM24N;1;18085;1200;68;144611b;10/02/2018;19,29;18,71;18,54;19,2;19,21;19,22;19,15;20,28;18,06;19,62;19,2;19,92
TSM24N;2;18606;1200;68;144583;10/02/2018;20,55;20,08;19,5;20,7;19,51;20,24;20,49;19,61;18,59;21,3;17,81;21,13
TSM24N;2;18606;1200;68;144583;10/02/2018;20,88;20,86;18,91;19,83;18,93;20,31;19,73;18,62;18,03;20,46;18,01;21,16
TSM24N;2;19638;1200;68;145020;11/02/2018;20,29;19,86;18,92;20,33;18,33;19,51;19,63;18,59;18,76;20,08;19,96;20,57
TSM24N;1;19629;1200;68;144612A;11/02/2018;20,72;19,43;19,1;18,4;18,81;19,33;19,95;20,86;19,24;19,02;19,87;20,36
TSM24N;1;19629;1200;68;144612A;11/02/2018;20,55;19,69;19,03;19,77;19,02;19,09;19,72;20,28;18,94;19,35;20,08;20,27
TSM24N;2;19638;1200;68;145020;11/02/2018;20,36;20,43;20,01;19,46;17,23;19,84;20,38;18,99;18,98;19,97;18,34;21
TSM24N;2;19638;1200;68;145020;11/02/2018;;;;;21,14;20,23;;;;;18,84;19,99
TSM24N;1;19629;1200;68;144612A;11/02/2018;18,18;19,28;19,4;19,26;19,23;19,41;20,13;20,78;19,34;18,8;19,99;20,52
TSM24N;1;19629;1200;68;144612B;13/02/2018;20,83;20,46;19,94;19,52;20,46;19,04;19,22;20,05;19,01;18,66;20,31;20,5
TSM24N;2;19688;1200;68;145021;13/02/2018;20,61;20,07;19,59;19,64;20,86;20,06;19,88;18,3;18,33;19,86;18,69;19,09
TSM24N;1;19629;1200;68;144612B;14/02/2018;;;;;;;;;;;;
TSM24N;2;18084;1200;68;144988;15/02/2018;19,27;18,99;19,02;18,56;18,72;19,6;19,24;18,91;19,05;20,29;19,29;19,96
TSM24N;1;19624;1200;68;145586;15/02/2018;;;;;;;;;;;;
TSM24N;1;19624;1200;68;145586;16/02/2018;19,29;19,76;18,78;19,11;19,15;17,95;18,27;19,52;18,34;17,93;18,66;19,32
TSM24N;2;18086;1200;68;144614;17/02/2018;19,89;19,38;19,23;19,08;19,54;20,44;19,55;18,396;19,73;20,91;20,39;20,02
TSM24N;1;19624;1200;68;143812B;17/02/2018;20,25;20,68;19,97;19,44;18,96;19,19;19,94;20,06;18,92;19,03;20,33;20,11
TSM24N;2;18086;1200;68;144614;18/02/2018;20,09;19,26;20,13;19,6;19,29;20,12;19,01;20,05;19,37;20,89;19,56;19,4
TSM24N;1;19624;1200;68;143812B;18/02/2018;20,77;20,59;19,47;19,76;20,99;19,2;19,61;20,15;19,27;18,92;19,74;19,47
TSM24N;1;19587;1200;68;144813;19/02/2018;;;;;;;;;;;;
TSM24N;2;18011;1200;68;144615;19/02/2018;;;;;;;;;;;;
TSM24N;2;18011;1200;68;144615;20/02/2018;20,03;19,61;19,02;20,27;19,67;20,98;19,82;18,29;19,49;20,96;19,86;19,55
TSM24N;2;18011;1200;68;144615;20/02/2018;;;;;;;20,32;19,72;;;;
TSM24N;1;18084;1200;68;145705;21/02/2018;18,5;20,03;18,85;19,56;20,5;18,89;20,31;19,76;18,67;19,2;20,17;19,92
TSM24N;8;B70133;1200;68;146121;22/02/2018;18,95;17,73;19,92;20,02;19,98;19,59;20,48;19,02;20,91;20,33;19,67;19,56
TSM24N;1;19688;1200;68;144616;23/02/2018;19,39;21,04;18,78;18,7;21,02;18,98;20,97;20,77;19,37;18,82;;
TSM24N;1;19688;1200;68;144616;24/02/2018;20,23;21,01;18,87;19,32;20,38;19,67;21,35;21,28;20,24;19,39;20,54;20,85
TSM24N;1;19688;1200;68;145023;25/02/2018;19,16;20,64;20,98;21,81;19,52;19,56;21,48;21,47;19,7;19,32;20,69;21,62
TSM24N;1;19638;1200;68;145022;27/02/2018;21,21;20,88;20,76;21,32;20,83;19,69;21,77;21,68;20,11;19,49;21;19,71
TSM24N;1;12088;1200;68;145173;01/03/2018;21,02;20,66;20,53;20,77;19,71;20,94;20,06;21,2;19,85;19,52;20,96;21,44
TSM24N;1;18085;1200;68;145175;03/03/2018;19,65;19,75;19,25;19,21;18,62;19,46;18,55;19,61;18,65;17,92;19,89;19,95
TSM24N;1;18085;1200;68;145175;04/03/2018;19,17;19,13;18,69;18,73;18,5;18,49;19,41;19,45;18,02;17,81;20,01;19,66
TSM24N;1;18085;1200;68;145175;04/03/2018;19,94;19,81;18,05;19,02;18,09;18,66;18,99;19,61;18,12;18,31;20,02;19,63
TSM24N;1;18065;1200;68;145174;06/03/2018;18,94;18,5;19,07;18,72;17,99;19,08;18,08;18,89;18,75;17,55;19,41;19,28
TSM24N;1;18084;1200;68;145176;08/03/2018;18,81;18,63;19,24;19,7;18,58;19,77;19,13;19,55;19,1;18,48;19,68;20,09
TSM24N;8;19404;1200;68;146312;08/03/2018;18,23;18,12;19,77;19,09;19,29;19,37;19,09;18,55;18,99;19,62;18,26;19,67
TSM24N;8;19404;1200;68;146312;08/03/2018;18,88;18,34;20,08;19,79;19,68;20,02;20,33;19,5;19,49;19,21;19,42;18,13
TSM24N;8;19374;1200;68;146314;10/03/2018;17,85;17,22;18,35;18,52;18,41;18,45;17,51;18,01;18,76;18,49;18,45;17,89
TSM24N;1;18086;1200;68;145177;10/03/2018;19,46;19,11;19,28;19,48;19,09;19,64;19,42;18,99;18,52;18,89;19,61;19,9
TSM24N;2;12027;1200;68;145520;11/03/2018;17,95;19,09;20,61;20,17;18,23;18,89;19,17;18,77;18,5;18,89;17,99;19,45
TSM24N;1;18086;1200;68;145177;11/03/2018;19,9;19,21;19,81;19,06;19,08;19,64;19,44;20,01;18,96;18,93;20,01;20,19
TSM24N;8;102054;1200;68;146316;11/03/2018;19,68;19,2;20,25;19,55;19,83;20,87;18,82;19,43;20,61;20,02;20,19;18,4
TSM24N;2;12027;1200;68;145520;12/03/2018;19,75;19,86;20,7;21,3;20,65;20,18;19,94;19,73;19,73;20,26;18,94;20,06
TSM24N;1;19688;1200;68;145178;13/03/2018;;;;;;;;;;;;
TSM24N;1;19688;1200;68;145178;13/03/2018;20,03;19,84;20,19;19,95;19,52;20,18;19,11;20,25;19,24;19,19;20,21;20,08
TSM24N;2;C18049;1200;68;144586;13/03/2018;;;;;;;;;;;;
TSM24N;8;19573;1200;68;146320;14/03/2018;18,12;18,11;19,49;19,49;18,85;19,56;18,95;19;19,67;19,43;20,12;18,64
TSM24N;1;19587;1200;68;145519;14/03/2018;;;;;;;;;;;;
TSM24N;2;18606;1200;68;145521;16/03/2018;19,05;20,22;20,31;20,47;20,97;20,27;19,46;20,57;20,7;20,75;20,14;20,31
TSM24N;8;19404;1200;68;146325;17/03/2018;19,22;18,84;20,25;19,55;20,43;20,46;20,25;20,01;20,07;19,47;19,21;20,38
TSM24N;2;C19017;1200;68;145562;17/03/2018;20,52;20,08;20,66;20,88;21,27;20,79;19,8;20,93;19,61;20,78;19,57;20,16
TSM24N;2;18606;1200;68;145521;17/03/2018;20,33;18,71;19,04;20,32;21,11;20,82;19,76;20,57;19,84;20,6;19,4;19,98
TSM24N;8;19404;1200;68;146324;17/03/2018;18,35;18,6;19,73;19,9;18,89;19,72;18,73;19,75;18,77;19,1;19,71;18,21
TSM24N;8;19374;1200;68;146326;18/03/2018;19,44;18,74;19,23;19,47;18,69;19,17;19,06;19,62;19,35;19,53;19,34;18,99
TSM24N;2;C19017;1200;68;145562;18/03/2018;20,6;19,88;20,85;20,51;21,23;21,29;19,84;21,04;21,11;21,44;19,61;20,43
TSM24N;1;19661;1200;68;145179;18/03/2018;19,85;19,36;19,89;20,76;20,01;19,39;20,89;20,12;18,9;18,96;20,07;20,14
TSM24N;2;C19017;1200;68;145562;18/03/2018;20,3;19,81;20,35;20,51;21,11;20,83;19,84;20,31;20,13;21,08;19,22;20,47
TSM24N;1;19661;1200;68;145179;18/03/2018;19,43;18,92;20,39;20,39;19,61;19,31;20,7;19,77;19,22;18,83;20,11;20,19
TSM24N;8;19374;1200;68;146326;18/03/2018;18,85;18,02;19,53;19,69;18,86;19,58;19,27;19,35;19,59;19,11;19,55;18,65
TSM24N;1;18085;1200;68;145180;20/03/2018;19,78;18,85;20,81;21,02;19,84;19,35;20,86;20,69;19,34;18,83;20,09;20
TSM24N;8;19585;1200;68;146330;21/03/2018;18,85;19,13;18,63;19,33;20,52;20,41;19,83;19,51;19,2;19,83;20,54;19,6
TSM24N;1;19638;1200;68;145181;22/03/2018;18,96;19,07;19,3;20,77;19,49;19,34;19,77;20,31;18,56;18,82;19,77;19,58
TSM24N;1;19688;1200;68;145182;24/03/2018;19,41;19;19,42;20,03;19,2;18,93;20,43;20,16;18,48;18,72;19,64;19,91
TSM24N;1;19688;1200;68;145182;24/03/2018;19,49;18,84;19,81;20,62;19,36;19,51;20,3;20,53;18,75;18,71;19,93;19,87
TSM24N;8;18303;1200;68;146334;24/03/2018;18,83;18,14;20,07;19,72;19,65;20,04;19,41;20,61;18,94;20,16;20,24;19,23
TSM24N;1;19688;1200;68;145182;25/03/2018;19,34;18,9;19,82;19,99;19,16;19,06;20,23;20,39;18,41;18,17;19,67;19,83
TSM24N;1;19688;1200;68;145182;25/03/2018;19,57;19,5;19,82;19,63;19,03;19;19,64;20,16;18,57;18,38;19,73;19,63
TSM24N;1;19631;1200;68;146577;27/03/2018;21,41;20,32;20,49;20,74;19,97;20,19;20,36;21,7;20,18;20,86;21,24;21,6
TSM24N;1;19690;1200;68;146578;29/03/2018;21,72;21,65;20,81;21,62;21,12;20,83;21,43;22,71;21,15;21,53;21,76;22,78
TSM24N;1;19661;1200;68;146579;31/03/2018;22,02;21,16;20;20,76;20,7;21,28;20,61;22,54;20,69;20,57;21,46;21,31
TSM24N;1;19661;1200;68;146579;01/04/2018;22,28;20,78;20,72;20,86;20,84;21,01;20,91;22,72;21,11;22,24;21,34;21,42
TSM24N;1;18085;1200;68;146581;01/04/2018;21,23;21,24;20,05;20,24;20,6;20,71;20,46;22,01;20,59;21,53;20,84;20,03
TSM24N;1;18085;1200;68;146581;03/04/2018;20,38;20,52;19,65;20,15;20,12;20,06;19,21;21,47;19,99;20,75;20,13;20,45
TSM24N;1;19629;1200;68;146580A;05/04/2018;21,31;20,73;20,03;20,61;20,2;20,17;20,5;21,78;20,73;20,52;20,78;21,6
TSM24N;1;19629;1200;68;146580b;07/04/2018;17,75;16,03;19,47;19,85;19,19;19,54;19,86;20,45;19,01;19,13;19,82;19,87
TSM24N;1;19629;1200;68;146580b;07/04/2018;21,27;20,37;19,92;20,58;;;;;;;;
TSM24N;1;12996;1200;68;145522;10/04/2018;21,02;19,92;20,17;21,09;19,57;19,69;20,31;20,61;19,3;19,05;20,22;20,15
TSM24N;1;19688;1200;68;147639B;15/04/2018;20,07;20,07;19,63;20,29;18,89;18,37;19,64;19,93;18,24;18,3;19,02;18,65
TSM24N;8;19374;1200;68;148035;23/04/2018;17,7;18,65;18,9;18,36;19,05;18,28;17,54;17,57;17,7;18,32;17,52;17,6
TSM24N;1;19688;1200;68;147640;24/04/2018;19,23;18,64;19,17;20,47;18,75;18,33;19,41;20,15;19,39;18,02;20,33;20,18
TSM24N;1;18067;1200;68;147049;26/04/2018;19,93;19,94;19;18,94;18,85;18,76;19,42;19,91;17,92;18,05;19,61;18,68
TSM24N;1;18084;1200;68;146582;28/04/2018;19,63;19,46;19,03;18,69;18,76;18,54;18,75;19,34;17,89;18,45;19,05;18,8
TSM24N;1;19638;1200;68;147637;29/04/2018;19,31;19,92;18,56;19,3;18,35;19,06;19,21;19,29;17,94;17,81;19,09;19,14
TSM24N;1;19638;1200;68;147637;01/05/2018;20,16;20,18;19,56;19,88;18,96;18,91;20;19,66;18,2;18,59;20,36;19,7
TSM24N;1;12090;1200;68;147230;03/05/2018;20,52;20,06;20,05;20,45;20,12;18,87;18,72;18,52;19,46;19,36;19,97;20,85
TSM24N;1;18084;1200;68;147636;05/05/2018;18,76;18,88;19,55;19,08;18,24;17,89;19,65;19,77;18,69;18,67;20,16;18,95
TSM24N;1;18084;1200;68;147636;06/05/2018;19,85;19,39;20,45;20,14;19,43;18,75;19,5;20,45;19,29;19,16;19,87;20,22
TSM24N;2;12084;1200;68;150313;07/05/2018;;;;;;;;;;;;
TSM24N;1;19638;1200;68;147638;08/05/2018;19,46;19,88;20,07;19,77;19,14;18,41;20;19,88;19,54;19,27;18,56;19,65
TSM24N;1;19629;1200;68;147427A;10/05/2018;19,52;19,29;19,22;19,51;18,21;17,26;20,04;20,18;18,98;18,59;19,2;19,89
TSM24N;1;19629;1200;68;147427A;10/05/2018;;;;;18,33;18,84;20,23;20,05;;;;
TSM24N;1;19629;1200;68;147427b;12/05/2018;20,35;19,35;19,38;19,63;18,64;18,46;19,67;19,91;18,4;18,56;19,78;20,59
TSM24N;1;18086;1200;68;147428;13/05/2018;20,88;19,88;19,81;20,04;19,69;18,84;20,6;19,76;18,61;18,46;20,17;20,9
TSM24N;1;18011;1200;68;147231;15/05/2018;20,7;19,78;19,65;20,68;19,28;19,08;20,24;20,42;18,67;19,74;20,59;19,01
TSM24N;1;18011;1200;68;147231;17/05/2018;21,24;20,52;19,84;20,25;19,52;19,43;20,49;20,04;20,08;19,36;20,49;21,29
TSM24N;1;19629;1200;68;147928;18/05/2018;;;;;;;;;;;;
TSM24N;1;19629;1200;68;147928;19/05/2018;20,39;20,12;19,3;19,43;19,09;19,38;20,33;19,67;19,22;18,99;20,22;19,91
TSM24N;1;19661;1200;68;147929;20/05/2018;20,97;20,52;19,38;19,56;19,01;19,5;20,52;19,85;19,12;19,2;20,34;20,65
TSM24N;1;19661;1200;68;147929;20/05/2018;20,6;19,93;19,36;19,27;18,69;19,17;17,89;19,88;18,52;18,87;19,87;20,22
TSM24N;1;18065;1200;68;147927;22/05/2018;19,8;19,86;18,78;19,28;18,7;19,33;19,95;19,43;18,69;18,67;19,98;19,71
TSM24N;1;18088;1200;68;147930;24/05/2018;20,96;20,54;19,84;20,14;19,87;20,15;20,62;20,13;19,4;19,98;20,81;21
TSM24N;1;19638;1200;68;147931;25/05/2018;19,58;19,7;19,49;20,04;18,94;19,28;20,65;18,81;18,9;19,03;19,52;20,09
TSM24N;1;19638;1200;68;147931;26/05/2018;19,9;19,64;19,09;20,19;18,89;18,97;20,35;20,45;18,86;19,36;19,86;20,18
TSM24N;1;19688;1200;68;147932A;27/05/2018;18,99;19,45;19,31;18,91;18,52;20,07;20,07;19,19;18,27;18,6;19,3;19,44
TSM24N;1;19688;1200;68;147932b;29/05/2018;19,79;19,43;19,94;20,61;18,89;18,17;19,89;20,23;19,8;20,3;19,53;20,01
TSM24N;1;19688;1200;68;147932b;30/05/2018;;;;;19,23;18,65;;;;;20,13;21,09
TSM24N;1;19688;1200;68;147932b;30/05/2018;;;;;18,7;17,7;;;;;19,61;20,15
TSM24N;1;19688;1200;68;147932b;30/05/2018;;;;;18,01;18,88;;;;;19,56;20,38
TSM24N;1;19631;1200;68;148217;31/05/2018;18,65;18,64;18,62;19,44;19,48;19,55;19,96;20,28;18,36;19,09;19,56;20,07
TSM24N;8;18068;1200;68;148073;02/06/2018;17,38;17,08;17,23;17,81;17,73;19,07;17,45;18,91;18,41;18,18;18,14;17,32
TSM24N;1;19690;1200;68;147933;02/06/2018;20,41;19,41;19,95;20,11;20,12;20,55;20,67;21,23;19,88;20,36;20,05;21,14
TSM24N;8;18068;1200;68;148073;03/06/2018;17,84;17,53;17,5;18,25;18,94;19,31;17,68;19,12;18,75;18,6;18,48;17,79
TSM24N;1;19690;1200;68;147933;03/06/2018;19,86;19,72;19,94;20,5;20,3;21,02;20,85;21,66;19,88;19,51;20,9;21,42
TSM24N;1;18067;1200;68;148214A;05/06/2018;20,59;20,46;19,81;20,66;20,72;21,13;22,02;20,19;20,52;19,95;21,24;22,23
TSM24N;8;18068;1200;68;149194;06/06/2018;17,96;16,17;19,13;18,76;18,65;19,73;18,65;19,9;19,37;18,91;19,56;18,91
TSM24N;8;18068;1200;68;149194;06/06/2018;18,14;18;19,85;19,36;;;;;;;;
TSM24N;2;19688;1200;68;148216;07/06/2018;20,02;20,14;19,5;20,61;20,35;20,16;18,52;18,3;18,91;19,02;18,73;18,84
TSM24N;8;18606;1200;68;149188a;07/06/2018;18,36;17,94;18,91;20,06;19,71;20,03;19,54;17,6;19,25;19,02;18,45;18,15
TSM24N;1;18067;1200;68;148214B;07/06/2018;19,7;19,54;19,53;19,46;19,48;19,77;19,88;20,78;18,85;20,08;19,6;21,18
TSM24N;1;19662;1200;68;148541;09/06/2018;19,44;19,47;19,45;19,25;19,25;19,56;19,61;20,5;18,87;19,85;19,45;20,73
TSM24N;8;18606;1200;68;149188B;09/06/2018;18,87;19,33;19,44;19,65;19,51;20,08;19,32;19,03;19,63;19,25;18,81;19,33
TSM24N;2;C18049;1200;68;147149;09/06/2018;19,09;18,97;19,91;20,06;19,91;19,41;18,88;18,49;18,55;19,55;18,63;18,47
TSM24N;8;18606;1200;68;149188B;10/06/2018;18,36;18,83;19,89;19,81;20,55;19,96;19,31;19,14;19,45;19,35;18,68;18,47
TSM24N;8;18606;1200;68;149188B;10/06/2018;18,12;17,96;19,47;19,54;19,33;19,6;19,27;18,87;18,33;18,27;18,65;17,16
TSM24N;1;19662;1200;68;148541;10/06/2018;19,93;20;19,37;19,14;19,19;19,77;19,85;20,86;19,09;19,97;19,97;19,6
TSM24N;2;C18049;1200;68;147149;10/06/2018;19,52;19,14;19,39;20,32;19,79;19,82;18,78;18,49;18,84;20,04;18,91;18,88
TSM24N;1;18085;1200;68;148215;11/06/2018;;;;;;;;;;;;
TSM24N;2;18065;1200;68;149056;12/06/2018;19,93;19,4;18,78;18,78;19,21;18,92;19,44;19,11;18,95;18,84;18,67;18,16
TSM24N;1;12088;1200;68;149057;13/06/2018;21,93;20,92;20,63;20,53;19,89;20,73;20,45;21,46;20,01;20,65;20,33;21,04
TSM24N;7;19624;1200;68;147144;13/06/2018;;;;;;;;;;;;
TSM24N;8;18068;1200;68;149195;14/06/2018;;;;;;;;;;;;
TSM24N;2;11691;1200;68;149086;14/06/2018;19,75;19,33;18,6;18,59;18,88;18,13;17,91;17,91;18,69;18,74;18,41;18,39
TSM24N;1;19629;1200;68;148542A;15/06/2018;19,73;19,55;19,73;19,55;19,41;19,71;19,57;19,61;18,96;19,76;19,23;19,49
TSM24N;1;19629;1200;68;148542A;16/06/2018;20,15;19,6;19,73;19,18;19,55;20,03;20,1;20,71;18,88;19,38;19,46;19,84
TSM24N;2;11691;1200;68;149213;16/06/2018;20,06;18,74;19,02;19,1;18,99;19,21;18,32;17,88;19,72;18,6;19,43;18,6
TSM24N;8;C19017;1200;68;148093;16/06/2018;18,91;19,63;19,31;19,27;19,61;20,04;17,81;20,04;19,86;18,66;17,25;18,33
TSM24N;8;C19017;1200;68;148093;16/06/2018;17,02;18,83;20,13;20,24;19,78;20;19,71;20,8;19,76;20,35;17,4;18,65
TSM24N;8;18068;1200;68;149195;16/06/2018;16,89;18,51;20,09;19,53;18,52;20,39;18,23;20,3;19,43;17,16;17,36;18,19
TSM24N;2;11691;1200;68;149086;16/06/2018;19,94;18,63;18,19;18,33;18,67;18,55;17,85;17,84;18,77;18,83;19,5;18,98
TSM24N;8;18068;1200;68;149195;16/06/2018;15,77;17,61;19,16;19,19;18,63;19,78;18,53;19,63;18,85;18,77;17,19;17,8
TSM24N;1;19629;1200;68;148542B;17/06/2018;19,47;19,71;19,04;18,71;17,89;17,65;19,65;19,73;18,37;18,44;18,62;19,33
TSM24N;2;11691;1200;68;149213;17/06/2018;17,89;17,91;18,14;18,27;18,27;18,04;17,53;18,47;19,19;18,37;19,08;18,41
TSM24N;8;C19017;1200;68;148093;17/06/2018;16,53;18,97;20,16;18,04;19,76;20,14;17,57;19,51;18,53;18,22;16,36;17,58
TSM24N;2;11691;1200;68;149213;17/06/2018;20,13;18,35;18,61;18,89;19,1;19,05;18,03;17,9;19,62;18,87;19,19;18,95
TSM24N;8;C19017;1200;68;149810;19/06/2018;;;;;;;;;;;;
TSM24N;1;19629;1200;68;148542C;19/06/2018;20,32;20,18;20,18;19,78;19,21;19,48;20,06;20,43;19,33;19,31;19,66;19,83
TSM24N;2;12084;1200;68;148074;19/06/2018;;;;;;;;;;;;
TSM24N;2;C19017;1200;68;149212;20/06/2018;19,93;18,4;19,51;19,79;20,03;19,58;18,89;19,36;19,85;19,1;19,6;19,25
TSM24N;8;18606;1200;68;149186;20/06/2018;17,04;19,12;20,04;20,2;20,73;20,53;19,29;20,36;19,21;18,89;17,04;18,3
TSM24N;1;19638;1200;68;149063;21/06/2018;19,81;19,92;19,83;20,28;19,36;19,65;20,06;20,38;19,48;19,71;19,54;20,03
TSM24N;1;18067;1200;68;149122;22/06/2018;19,96;19,61;19,2;18,54;18,31;18,26;20,17;20,11;19,69;18,91;19,48;20,28
TSM24N;2;19688;1200;68;149846A;22/06/2018;19,9;18,79;18,64;19,66;19,88;19,84;18,52;19,09;19,67;20,02;20,36;19,46
TSM24N;8;C18049;1200;68;149808;22/06/2018;19,69;19,62;20,29;19,92;20,58;20,17;20,11;19,21;19,49;19,61;18,93;19,24
TSM24N;2;19688;1200;68;149846A;23/06/2018;19,64;19,14;19,37;20,22;19,76;20,2;19,35;19,9;20,46;20,62;20,51;19,79
TSM24N;1;18067;1200;68;149122;23/06/2018;19,91;19,5;19,54;19,6;18,68;18,83;19,42;19,33;19,64;19,78;20,19;20,41
TSM24N;2;19688;1200;68;149846A;23/06/2018;19,51;19,17;18,78;19,56;19,32;19,47;18,84;19,22;19,57;19,31;18,09;18,73
TSM24N;1;18067;1200;68;149122;23/06/2018;19,89;19,45;18,9;18,77;18,05;18,05;18,42;19,26;19,61;19,51;19,9;19,93
TSM24N;8;C18049;1200;68;149808;23/06/2018;18,98;18,63;19,6;19,75;18,61;19,68;19,81;19,1;19,36;19,43;18,83;18,81
TSM24N;2;19688;1200;68;149846B;24/06/2018;19,29;18,29;19,01;19,62;19,48;19,33;18,54;19,1;19,94;20,6;20,18;18,87
TSM24N;1;18067;1200;68;149123;24/06/2018;20,36;19,36;18,9;18,76;18,48;19,37;20,09;20,07;19,68;19,18;20,47;19,54
TSM24N;1;18067;1200;68;149122;24/06/2018;20,8;19,64;19,3;19,09;18,43;18,97;19,91;19,91;19,9;19,61;20,27;20,51
TSM24N;8;12084;1200;68;150000;24/06/2018;18,46;19,46;20,25;19,56;20,22;20,28;19,71;20,16;20,05;20,62;19,54;18,88
TSM24N;8;C18049;1200;68;149808;24/06/2018;18,81;19,92;19,88;19,78;19,59;20,18;19,7;19,46;19,25;19,45;19,22;18,84
TSM24N;2;19688;1200;68;149846A;24/06/2018;19,55;19,01;19,46;19,92;20,22;19,07;19,15;19,76;20,3;20,37;20,45;19,38
TSM24N;1;18085;1200;68;149060a;26/06/2018;20,84;19,96;19,3;19,31;19,36;19,31;20,19;21,18;20,12;19,83;20,21;20,89
TSM24N;2;19688;1200;68;149846B;26/06/2018;19,27;19,19;19,55;20,4;19,63;19,71;18,42;18,7;19,95;19,68;19,59;19,46
TSM24N;2;19688;1200;68;149846c;27/06/2018;18,87;18,5;19,3;20,08;19,5;19,34;18,65;18,13;19,2;19,5;19,53;19,37
TSM24N;8;12084;1200;68;149124;27/06/2018;19,57;20,89;21;21,1;20,37;20,58;21,27;20,73;20,85;20,69;19,65;20,3
TSM24N;1;18085;1200;68;149060b;28/06/2018;19,58;19,77;19,53;19,17;18,7;18,54;18,63;20,28;19,44;19,66;19,86;19,34
TSM24N;8;11691;1200;68;149371;28/06/2018;17,29;19,48;19,09;18,8;17,16;19,44;19,17;18,09;17,59;17,41;18,06;18,13
TSM24N;2;19688;1200;68;149846c;29/06/2018;19,32;18,46;19,35;20,22;19,04;19,37;18,83;18,67;19,53;19,98;19,27;18,8
TSM24N;8;12027;1200;68;147982;30/06/2018;17,53;18,42;18,83;18,9;17,64;19,85;19,44;19,81;19,01;18;18,01;18,42
TSM24N;2;18084;1200;68;149059A;30/06/2018;18,99;18,59;19,55;20,26;19,45;19,28;18,6;18,82;19,56;19,82;19,52;18,97
TSM24N;8;11691;1200;68;149371;30/06/2018;15,85;18,5;18,26;18,16;17,07;17,81;19,3;19,37;16,9;17,26;16,2;17,74
TSM24N;1;18085;1200;68;149060b;30/06/2018;19,11;19,61;19,07;18,81;18,3;18,38;20,14;20,06;18,97;19,04;19,89;19,34
TSM24N;1;19638;1200;68;149070;30/06/2018;19,74;19,57;18,99;19,51;19,57;19,61;19,21;20,93;19,48;20,13;19,59;19,59
TSM24N;2;18084;1200;68;149059A;30/06/2018;18,93;18,38;19,38;19,78;19,26;18,71;18,42;18,33;19,44;19,8;18,95;18,68
TSM24N;1;19638;1200;68;149070;30/06/2018;19,51;19,99;19,47;19,61;18,62;18,96;19,81;19,77;19,44;20,15;20,07;17,85
TSM24N;8;12027;1200;68;147982;01/07/2018;17,88;19,28;19,24;19,98;18,62;20,29;20,01;20,59;18,96;20,14;18,96;19,14
TSM24N;1;19638;1200;68;149070;01/07/2018;19,83;19,44;19,94;19,25;20,63;20,49;20,42;20,32;19,79;20,58;21,01;19,92
TSM24N;2;18084;1200;68;149059A;01/07/2018;19,34;19,42;19,31;19,37;19,4;19,14;19,2;18,74;20,03;19,21;19,9;19,32
TSM24N;8;12027;1200;68;147982;01/07/2018;18,3;18,81;19,21;19,3;18,26;20,18;19,92;20,87;20,32;19,77;18,61;19,33
TSM24N;2;18084;1200;68;149059A;01/07/2018;19,21;18,55;19,29;20,1;19,3;19,11;18,65;18,43;20,08;19,68;19,44;18,68
TSM24N;1;19638;1200;68;149070;01/07/2018;19,51;20,02;19,36;19,62;19,35;20,06;18,92;19,96;19,67;19,36;20,02;19,05
TSM24N;2;18084;1200;68;149059B;02/07/2018;;;;;;;;;;;;
TSM24N;1;19690;1200;68;149066;02/07/2018;20,81;20,04;20,27;19,51;19,82;19,41;19,73;19,12;20,25;19,82;19,98;20,7
TSM24N;8;C19017;1200;68;149812;02/07/2018;17,86;18,28;18,45;18,53;19,05;18,89;19,36;18,07;18,29;18,23;17,98;18,2
TSM24N;2;18084;1200;68;149059B;03/07/2018;19,12;18,17;19,84;19,91;19,48;19,63;18,73;18,14;19,68;19,06;19,55;18,81
TSM24N;1;19690;1200;68;149066;04/07/2018;20,64;19,86;20,21;19,27;20,28;19,91;21,12;19,79;19,84;20,32;20,27;21,2
TSM24N;8;19632;1200;68;149088;05/07/2018;16,83;17,07;16,86;17,1;18,22;17,99;17,34;16,33;17,31;17,3;17,04;17,01
TSM24N;7;18606;1200;68;148985;05/07/2018;17,78;19,1;17,88;17,69;18,36;20,21;19;19,6;19,13;18,86;19,78;19,76
TSM24N;2;19688;1200;68;150577a;06/07/2018;19,81;19,32;20,21;20,03;20,88;19,44;19,69;19,37;20,32;20,46;20,95;20,33
TSM24N;1;18086;1200;68;149373;06/07/2018;20,74;19,83;20,11;19,15;20,11;19,27;21,25;20,52;19,84;19,93;20,52;21,38
TSM24N;1;18086;1200;68;149373;07/07/2018;21,24;19,75;19,79;19,8;19,51;19,33;20,87;20,24;19,35;20,41;20,47;20,98
TSM24N;8;18068;1200;68;148986;07/07/2018;16,89;18;19,29;18,04;18,69;19,04;17,79;17,99;18,35;18,14;17,41;17,65
TSM24N;7;18606;1200;68;148985;07/07/2018;17,91;18,04;17,25;17,46;19,22;18,91;18,62;18,79;17,71;17,83;19,91;19,49
TSM24N;2;19688;1200;68;150577a;07/07/2018;19,48;18,69;18,98;18,73;19,69;18,75;18,88;18,94;20;19,04;20,28;19,78
TSM24N;2;19688;1200;68;150577a;08/07/2018;19,12;19,18;19,13;19,24;19,82;18,59;19,22;19,55;19,98;19,62;19,54;19,56
TSM24N;2;19688;1200;68;150577B;08/07/2018;19,91;18,73;19,33;18,89;19,47;18,81;18,72;18,77;19,66;19,56;19,68;19,38
TSM24N;1;11695;1200;68;149067;08/07/2018;20,62;19,83;19,46;18,96;19,58;18,99;19,53;20,36;19,5;19,38;20,62;20,81
TSM24N;8;18068;1200;68;148986;08/07/2018;16,7;17,85;18,4;18,01;18,69;18,6;17,31;17,3;;;17,36;17,74
TSM24N;1;18086;1200;68;149373;08/07/2018;20,6;20,36;19,71;19,25;20,01;19,69;20,22;19,89;19,16;19,48;20,41;21,06
TSM24N;8;C18019;1200;68;149127;09/07/2018;;;;;;;;;;;;
TSM24N;2;19688;1200;68;150577C;11/07/2018;19,22;19,1;19,6;19,99;20,07;19,89;18,99;18,92;19,49;19,16;19,71;19
TSM24N;1;18067;1200;68;149068;11/07/2018;20,45;19,72;19,43;19,28;19,92;19,62;20,05;19,31;19,17;19,38;20,14;21,18
TSM24N;8;19624;1200;68;148979;11/07/2018;17,55;17,96;18,35;19,29;16,38;18,9;19,48;18,61;18,79;17,78;19,05;18,83
TSM24N;2;19631;1200;68;149065;13/07/2018;18,3;18,27;18,96;19,48;19,63;19,54;18,4;18,49;19,05;19,14;19,23;18,03
TSM24N;1;12088;1200;68;149359;13/07/2018;21,08;20,48;19,89;20,02;20,16;20,95;20,66;20,91;19,9;19,85;20,15;20,73
TSM24N;8;19624;1200;68;148987;14/07/2018;18,39;18,33;18,3;19,03;18,6;16,9;19,62;20,37;18,7;17,69;19,38;19,89
TSM24N;8;19624;1200;68;148987;14/07/2018;19,36;18,41;18,72;19,26;19,56;17,15;19,05;20,11;19,43;17,27;18,77;19,8
TSM24N;1;18065;1200;68;149069;15/07/2018;20,44;20,09;20,51;19,79;20,25;20,17;20,63;20,81;20,11;19,7;20,7;21,11
TSM24N;2;19629;1200;68;149061A;15/07/2018;18,83;19,33;19,9;20,1;20,19;19,7;18,85;18,75;20,04;19,8;19,92;18,74
TSM24N;2;19629;1200;68;149061A;15/07/2018;18,37;18,57;19,39;20,04;19,69;19,61;18,41;17,88;19,75;19,04;17,73;18,09
TSM24N;1;18065;1200;68;149069;15/07/2018;20,12;19,4;19,59;18,83;20,12;19,48;19,68;20,2;19,63;19;20,19;20,64
TSM24N;1;18065;1200;68;149069;15/07/2018;20,86;19,72;19,8;19,48;20,16;19,42;20,39;20,29;19,41;19,36;20,19;20,16
TSM24N;2;19629;1200;68;149061A;15/07/2018;18,57;18,9;19,73;19,99;19,55;19,5;18,65;18,58;19,43;19,52;19,96;18,89
TSM24N;1;18065;1200;68;149873;17/07/2018;19,74;20,52;19,62;18,42;19,79;18,8;20,06;20,28;18,68;19,52;19,68;19,41
TSM24N;2;19629;1200;68;149061B;17/07/2018;18,96;18,92;19,53;19,81;19,01;19,21;18,97;18,02;19,87;19,5;19,84;18,71
TSM24N;2;19688;1200;68;150784;18/07/2018;19,79;18,53;19,23;19,17;19,94;19,26;18,37;18,87;19,49;19,06;20,34;20,1
TSM24N;2;19688;1200;68;150784;19/07/2018;19,82;18,32;18,7;19;19,41;19,05;18,68;18,25;19,31;18,66;20,26;19,15
TSM24N;1;18084;1200;68;149874;20/07/2018;19,66;19,51;19,66;18,94;19,9;19,02;19,97;20,67;19,7;20,27;20,23;19,86
TSM24N;2;19688;1200;68;150576;20/07/2018;19,58;18,48;19,24;18,87;19,12;19,54;18,75;19,4;19,51;19,08;20,04;19,36
TSM24N;2;19688;1200;68;149806;21/07/2018;19,91;18,55;19,07;18,91;19,55;19,16;19,01;18,56;19,37;18,81;20,27;19,54
TSM24N;1;18011;1200;68;149876;21/07/2018;19,88;19,3;19,58;19,55;20,1;19,07;19,55;21,03;19,56;19,36;19,71;20,09
TSM24N;8;19632;1200;68;148989;21/07/2018;15,9;16,57;17,59;16,68;17,55;17,65;16,98;17,39;17,11;17,28;16,18;16,28
TSM24N;8;19632;1200;68;148989;22/07/2018;16,36;15,99;18,2;17,76;17,82;17,93;17,19;17,44;17,82;17,99;16,28;16,77
TSM24N;1;18011;1200;68;149876;22/07/2018;19,66;19,94;19;18,55;20,15;18,76;19,92;20,23;19,36;19,47;19,58;18,98
TSM24N;2;19688;1200;68;149358;23/07/2018;18,82;19,35;18,66;18,79;19,03;19,1;18,26;18,68;18,97;18,44;20,26;19,11
TSM24N;1;19661;1200;68;150578;24/07/2018;20,16;20,47;20,38;20,03;20,05;19,3;20,35;21,24;19,98;19,04;20,71;20,42
TSM24N;2;19688;1200;68;151074;24/07/2018;18,77;18,11;18,82;18,2;18,88;19,05;18,3;18,08;18,4;18,44;19,94;19,33
TSM24N;2;19688;1200;68;151074;25/07/2018;19,03;18,54;19,1;18,74;19,34;19,22;18,73;18,88;18,72;18,25;19,46;19,35
TSM24N;1;18606;1200;68;148992;26/07/2018;20,92;21,23;20,72;19,85;20,89;19,5;20,86;21,86;20,48;21,27;21,91;21,07
TSM24N;2;C18049;1200;68;148990;27/07/2018;20,19;20,91;19,84;19,14;20,84;20,55;19,49;20,33;20,37;19,84;21,06;21,26
TSM24N;2;12027;1200;68;148978;28/08/2018;18,74;18,73;18,5;18,62;19,87;20,05;19,21;18,65;19,8;19,34;19,32;19,11
TSM24N;2;19662;1200;68;150630;30/08/2018;19,26;19,97;19,89;20,31;21,44;21,3;20,2;19,76;20,44;19,85;19,45;19,77
TSM24N;2;18068;1200;68;148991;01/09/2018;18,77;19,41;19,42;19,69;20,64;20,56;19,45;19,53;19,72;19,68;18,97;19,34
TSM24N;2;18068;1200;68;148991;02/09/2018;18,53;19,2;19,3;19,62;20,2;20,51;19;19,42;19,63;19,32;18,94;18,73
TSM24N;2;18068;1200;68;148991;02/09/2018;19,1;19,73;20,27;20,15;21,1;20,94;19,78;19,54;20,29;19,52;19,31;19,38
TSM24N;2;18068;1200;68;148991;02/09/2018;19,13;20,3;20,14;20,11;19,96;20,2;19,56;19,49;19,78;19,91;19,47;19,73
TSM24N;2;18085;1200;68;151514;04/09/2018;18,21;18,99;18,69;18,91;20,05;19,95;18,85;19,08;19,38;19,25;18,28;18,7
TSM24N;2;19629;1200;68;151515;06/09/2018;18,45;19,23;18,8;18,59;19,95;20,04;19,27;18,95;19,44;19,3;18,41;18,66
TSM24N;2;12084;1200;68;149128;08/09/2018;19,4;20,37;19,21;19,56;21,22;20,56;21,1;20,05;20,59;19,71;19,71;20,51
TSM24N;2;12084;1200;68;149128;08/09/2018;19,41;20,37;19,02;19,29;21,23;20,34;20,83;20,14;20,9;19,96;20,02;20,18
TSM24N;2;11691;1200;68;149820;09/09/2018;18,57;19,29;18,53;18,31;19,83;19,88;18,99;19,07;19,3;18,78;18,88;18,88
TSM24N;2;11691;1200;68;149820;09/09/2018;18,56;19,56;18,42;18,18;20,08;20,07;19,3;18,85;19,46;18,84;18,79;19,45
TSM24N;2;19638;1200;68;151516;11/09/2018;18,94;19,02;19,23;20,01;20,81;20,32;19,83;19,5;19,59;19,45;19,03;19,08
TSM24N;2;19638;1200;68;151516;11/09/2018;18,78;19,07;18,96;19,34;20,23;19,84;19,3;19,07;19,24;19,08;18,57;18,97
TSM24N;2;19587;1200;68;151607;13/09/2018;18,05;19,36;19,03;19,59;20,59;20,07;19,95;18,85;19,46;18,73;18,85;19,24
TSM24N;2;19688;1200;68;151605;15/09/2018;18,73;18,28;20,01;19,44;20,68;20,22;19,63;18,67;18,74;19,51;18,78;19,45
TSM24N;8;C18049;1200;68;149809;15/09/2018;19,43;19,57;20,51;20,75;19,81;20,54;20,3;20,62;19,72;20,48;19,97;19,89
TSM24N;2;12027;1200;68;148983;16/09/2018;18,88;19,9;19,42;20,38;20,47;20,93;20,24;19,66;19,88;19,63;19,2;19,6
TSM24N;2;12027;1200;68;148983;16/09/2018;19,06;20,32;19,67;19,94;21,26;20,93;20,43;19,69;20,2;20,17;19,38;19,47
TSM24N;8;C18049;1200;68;149809;16/09/2018;19,81;19,87;20,19;20,94;21,07;20,04;21,08;20,7;19,37;19,93;20,83;20,34
TSM24N;2;18067;1200;68;151775;18/09/2018;20,4;20,36;18,67;19,03;20,92;20,26;20,39;19,77;20,46;19,28;20,46;20,27
TSM24N;2;19624;1200;68;151661;21/09/2018;19,8;20,45;18,99;19,24;20,63;20,7;21,14;19,75;20,68;19,21;21,01;20,06
TSM24N;2;19624;1200;68;151661;22/09/2018;19,92;19,07;18,75;19,31;20,03;19,98;20,33;19,7;20,58;18,99;20,92;20,26
TSM24N;2;18085;1200;68;151776;23/09/2018;19,28;19,2;18,17;19,37;19,89;19,81;20,21;20,05;20,2;19,08;19,78;18,87
TSM24N;2;18085;1200;68;151776;23/09/2018;19,66;19,32;18,61;18,55;20;20,51;19,88;19,85;20,39;18,71;20,27;18,57
TSM24N;2;19661;1200;68;151777;25/09/2018;20,16;19,11;19,51;19,46;20,99;21,04;20,79;20,28;20,63;19,63;21,09;19,45
TSM24N;2;19374;1200;68;152096;26/09/2018;18,9;18,74;18,52;19,07;19,64;19,65;19,8;20,42;18,23;18,77;19,5;18,3
TSM24N;2;19587;1200;68;151608;29/09/2018;21,19;19,46;18,87;20,28;21,2;20,57;20,58;19,85;19,78;19,29;20,8;20,06
TSM24N;2;19587;1200;68;151608;29/09/2018;21,02;19,58;20,19;19,66;21,25;20,69;19,33;20,5;20,84;19,9;20,87;18,27
TSM24N;2;19587;1200;68;151608;30/09/2018;21,49;19,67;20,29;19,76;21,48;21,31;19,85;19,03;21,05;19,71;19,68;19,74
TSM24N;2;19587;1200;68;151608;30/09/2018;19,16;18,98;20,02;19,56;21,22;20,52;19,47;20,37;19,62;19,51;19,75;19,22
TSM24N;2;18606;1200;68;151660;03/10/2018;22,12;22,18;20,86;21,29;22,7;22,3;21,35;21,26;22,3;21,11;21,18;20,87
TSM24N;2;C19017;1200;68;151659;04/10/2018;19,97;19,21;18,14;18,61;20,39;19,92;20,02;20,87;19,06;19,42;19,93;18,95
TSM24N;2;19644;1200;68;152243;06/10/2018;18,65;18,19;17,1;17,24;19,25;19,57;18,85;18,62;18,29;18,72;19,01;17,14
TSM24N;2;19644;1200;68;152243;06/10/2018;19,13;18,5;17,41;17,08;19,83;20,23;19,48;19,61;18,54;18,73;19,62;18,19
TSM24N;2;18067;1200;68;152244;11/10/2018;19,96;19,72;18,72;18,19;20,17;19,88;19,4;18,89;19,93;18,59;19,53;18,32
TSM24N;1;18067;1200;68;152247;13/10/2018;19,33;18,28;17,2;17,48;17,36;18,46;18,34;18,93;17,79;17,61;17,54;18,84
TSM24N;2;19629;1200;68;152245;13/10/2018;19,47;19,2;18,62;17,9;19,87;19,58;18,97;19,22;19,42;18,82;18,82;18,36
TSM24N;2;18067;1200;68;152244;13/10/2018;19,9;19,64;19,12;18,76;19,67;20,27;9,66;19,74;20,54;19,31;19,27;18,67
TSM24N;1;18067;1200;68;152247;13/10/2018;18,46;18,17;17,15;17,51;16,86;16,69;18,01;18,51;17,61;17,7;17,32;17,18
TSM24N;1;18067;1200;68;152247;14/10/2018;19,28;18,38;17,44;18,19;17,73;17,49;18,42;18,75;17,91;17,85;17,53;17,7
TSM24N;2;19629;1200;68;152245;14/10/2018;20,78;20,7;19,75;19,01;20,78;20,83;20,36;20,21;19,86;19,61;20,49;19,81
TSM24N;2;19629;1200;68;152245;14/10/2018;20,03;19,89;18,82;18,88;20,63;19,78;19,87;19,99;20,14;19,17;19,7;19,1
TSM24N;1;18067;1200;68;152247;14/10/2018;17,98;18,21;16,92;17,51;17,28;17,44;18,41;18,64;18,06;17,5;17,16;17,47
TSM24N;8;19624;1200;68;152522;15/10/2018;18,52;18,88;;;;;;;19,84;19,71;17,22;19,24
TSM24N;8;19624;1200;68;152522;15/10/2018;17,11;18,36;19,05;19,68;19,35;19,35;19,13;18,92;19,28;19,26;16,54;17,03
TSM24N;1;19688;1200;68;152246;16/10/2018;19,31;18,71;16,91;17,81;17,39;17,78;18,7;18,87;17,76;17,95;18,2;17,38
TSM24N;2;19629;1200;68;152248;16/10/2018;18,33;18,13;17,27;16,55;20,19;19,37;;;18,79;18,23;19,6;19,28
TSM24N;2;19629;1200;68;152248;16/10/2018;;;17,82;17,48;19,47;19,27;19,76;19,11;;;;
TSM24N;1;19688;1200;68;152250A;17/10/2018;21,04;20,83;20,17;19,45;19,57;19,05;20,41;20,49;20,05;19,86;18,97;19,32
TSM24N;2;18085;1200;68;152253;18/10/2018;18,46;17,84;17,44;17,52;19,16;19,57;18,86;18,61;17,98;18,66;19,37;19,42
TSM24N;8;19624;1200;68;152523;18/10/2018;17,69;17,96;19,58;19,82;19,2;19,81;18,23;19,35;19,99;20,01;18,55;17,61
TSM24N;1;19688;1200;68;152250A;19/10/2018;20,72;21,1;19,74;19,16;19,05;19,26;20,35;20,24;19,67;20,09;18,91;19,08
TSM24N;1;19688;1200;68;152250B;19/10/2018;;;;;;;;;;;;
TSM24N;8;C18049;1200;68;151883;20/10/2018;19,77;19,65;21,1;21,34;20,52;20,36;20,53;20,72;20,57;20,76;19,91;20,11
TSM24N;8;C18049;1200;68;151883;20/10/2018;19,29;19,38;20,82;20,1;19,74;20,27;19,98;20,68;20,4;20,21;19,95;19,77
TSM24N;1;19688;1200;68;152250B;20/10/2018;21,13;21,51;19,71;19,4;19,66;19,88;20,99;20,87;19,7;20,32;19,54;19,18
TSM24N;2;19662;1200;68;152252;20/10/2018;18,72;18,23;17,95;17,9;19,65;19,66;19;18,93;17,91;18,61;19,59;18,81
TSM24N;1;19688;1200;68;152250B;20/10/2018;21,62;21,37;19,16;19,58;19,91;19,77;21,05;20,91;20,21;19,99;21,54;20,98
TSM24N;2;19662;1200;68;152252;20/10/2018;18,43;18,06;17,8;17,77;19,42;19,18;18,53;18,53;18,06;18,88;18,65;17,64
TSM24N;2;19662;1200;68;152252;21/10/2018;18,34;18,4;17,85;19,62;19,56;19,8;18,92;19,04;18,26;19,32;19,64;19,8
TSM24N;2;19662;1200;68;152252;21/10/2018;18,66;18,41;17,75;18,06;19,71;19,79;19,03;18,89;18,57;19,37;19,47;19,63
TSM24N;1;19688;1200;68;152250B;21/10/2018;21,53;20,88;19,89;19,86;19,76;20,36;20,83;20,39;20,35;20,72;19,09;19,49
TSM24N;8;19632;1200;68;151663;21/10/2018;18,67;18,64;19,33;19,26;19,03;19,88;18,85;19,64;19,98;20,15;18,99;19,24
TSM24N;1;19688;1200;68;152500;21/10/2018;21,87;20,17;20,64;20,48;19,8;20,58;21,15;21,55;20,99;20,84;20,25;20,15
TSM24N;8;C18049;1200;68;151883;21/10/2018;18,63;19,25;19,9;19,6;20,6;19,59;20;20,33;19,85;20,06;19,64;19,5
TSM24N;2;18086;1200;68;152254;22/10/2018;18,59;18,94;17,74;18,36;19,56;19,99;19,31;18,91;17,85;19,4;20,3;19,02
TSM24N;1;12088;1200;68;152251;23/10/2018;;;;;;;;;;;;
TSM24N;1;19688;1200;68;152500;23/10/2018;21,97;21,58;20,31;20,11;20,13;19,91;21,03;20,55;20,99;20,84;19,88;19,76
TSM24N;1;12088;1200;68;152251;25/10/2018;21,44;21,5;19,94;19,77;19,71;20,21;21,07;21,04;20,8;21,13;19,37;19,88
TSM24N;8;11691;1200;68;151606;25/10/2018;17,68;16,97;18,84;19,09;19,13;18,83;17,94;19,34;18,55;19,33;18,61;18,82
TSM24N;2;19638;1200;68;152249A;12/11/2018;19,88;18,78;18,26;17,77;19,67;19,23;18,31;18,78;19,7;19,18;19,46;19,65
TSM24N;1;19688;1200;68;152828;12/11/2018;19;19,29;18,74;18,07;17,35;17,43;18,97;18,76;19,26;17,73;18,86;18,57
TSM24N;1;19688;1200;68;152828;14/11/2018;19,13;19,8;18,85;18,57;18,1;18,18;19,65;19,83;18,72;17,96;19,04;18,69
TSM24N;2;19638;1200;68;152249A;14/11/2018;20,19;19,59;18,05;17,84;20,11;19,59;19,55;18,92;19,49;19,43;19,55;19,88
TSM24N;1;19688;1200;68;152828;14/11/2018;19,97;19,72;18,25;17,48;18,36;18,15;20,99;20,82;18,86;18,43;19,24;19,84
TSM24N;2;19638;1200;68;152249b;15/11/2018;;;;;;;;;;;;
TSM24N;1;11695;1200;68;152829;15/11/2018;;;;;;;;;;;;
TSM24N;1;11695;1200;68;152829;16/11/2018;19,61;18,69;18,1;17,69;17,81;17,69;19,6;19,53;18,26;18,3;18,78;18,28
TSM24N;2;19638;1200;68;152249b;16/11/2018;19,86;17,87;17,92;17,78;18,83;19,17;18,66;19,12;19,18;18,95;19,25;19,62
